name,party,BT-Period
Dieter Janecek,GRÜNE,20
Carsten Brodesser,CDU,20
Kirsten Kappert-Gonther,GRÜNE,20
Bettina Margarethe Wiesmann,CDU,20
Sanae Abdi,SPD,20
Valentin Abel,FDP,20
Knut Abraham,CDU,20
Katja Adler,FDP,20
Stephanie Aeffner,GRÜNE,20
Adis Ahmetovic,SPD,20
Reem Alabali-Radovan,SPD,20
Ali Al-Dailami,Plos,20
Muhanad Al-Halak,FDP,20
Dagmar Andres,SPD,20
Johannes Arlt,SPD,20
Andreas Audretsch,GRÜNE,20
Maik Außendorf,GRÜNE,20
Tobias Bacherle,GRÜNE,20
Carolin Bachmann,AfD,20
Daniel Baldy,SPD,20
Felix Banaszak,GRÜNE,20
Karl Bär,GRÜNE,20
Christina Baum,AfD,20
Katharina Beck,GRÜNE,20
Roger Beckamp,AfD,20
Holger Becker,SPD,20
Lukas Benner,GRÜNE,20
Jürgen Berghahn,SPD,20
Bengt Bergt,SPD,20
Jakob Blankenburg,SPD,20
René Bochmann,AfD,20
Ingo Bodtke,FDP,20
Friedhelm Boginski,FDP,20
Simone Borchardt,CDU,20
Dirk Brandes,AfD,20
Michael Breilmann,CDU,20
Marlon Bröhr,CDU,20
Frank Bsirske,GRÜNE,20
Yannick Bury,CDU,20
Isabel Cademartori Dujisin,SPD,20
Mario Czaja,CDU,20
Hakan Demir,SPD,20
Sandra Detzer,GRÜNE,20
Martin Diedenhofen,SPD,20
Jan Dieren,SPD,20
Thomas Dietz,AfD,20
Felix Döring,SPD,20
Falko Droßmann,SPD,20
Deborah Düring,GRÜNE,20
Axel Echeverria,SPD,20
Leon Eckert,GRÜNE,20
Ralph Edelhäußer,CSU,20
Sonja Eichwede,SPD,20
Alexander Engelhard,CSU,20
Heike Engelhardt,SPD,20
Martina Englhardt-Kopf,CSU,20
Robert Farle,AfD,20
Ariane Fäscher,SPD,20
Emilia Fester,GRÜNE,20
Sebastian Fiedler,SPD,20
Fabian Funke,SPD,20
Maximilian Funke-Kaiser,FDP,20
Schahina Gambir,GRÜNE,20
Tessa Ganserer,GRÜNE,20
Martin Gassner-Herz,FDP,20
Manuel Gava,SPD,20
Jonas Geissler,CSU,20
Knut Gerschau,FDP,20
Jan-Niclas Gesenhues,GRÜNE,20
Hannes Gnauck,AfD,20
Christian Görke,DIE LINKE.,20
Fabian Gramling,CDU,20
Ingeborg Gräßle,CDU,20
Armin Grau,GRÜNE,20
Sabine Grützmacher,GRÜNE,20
Serap Güler,CDU,20
Ates Gürpinar,DIE LINKE.,20
Robert Habeck,GRÜNE,20
Philipp Hartewig,FDP,20
Ulrike Harzer,FDP,20
Frauke Heiligenstadt,SPD,20
Linda Heitmann,GRÜNE,20
Matthias Helferich,AfD,20
Kathrin Henneberger,GRÜNE,20
Anke Hennig,SPD,20
Susanne Hennig-Wellsow,DIE LINKE.,20
Bernhard Herrmann,GRÜNE,20
Nadine Heselhaus,SPD,20
Susanne Hierl,CSU,20
Bruno Hönel,GRÜNE,20
Franziska Hoppermann,CDU,20
Jasmina Hostert,SPD,20
Verena Hubertz,SPD,20
Markus Hümpfer,SPD,20
Gerrit Huy,AfD,20
Steffen Janich,AfD,20
Anne Janssen,CDU,20
Ann-Veruschka Jurisch,FDP,20
Lamya Kaddor,GRÜNE,20
Macit Karaahmetoğlu,SPD,20
Carlos Kasper,SPD,20
Anna Kassautzki,SPD,20
Malte Kaufmann,AfD,20
Michael Kaufmann,AfD,20
Rainer Johannes Keller,SPD,20
Michael Kellner,GRÜNE,20
Franziska Kersten,SPD,20
Misbah Khan,GRÜNE,20
Helmut Kleebank,SPD,20
Ottilie Klein,CDU,20
Kristian Klinck,SPD,20
Annika Klose,SPD,20
Tim Klüssendorf,SPD,20
Anne König,CDU,20
Chantal Kopf,GRÜNE,20
Simona Koß,SPD,20
Laura Kraft,GRÜNE,20
Philip Krämer,GRÜNE,20
Dunja Kreiser,SPD,20
Martin Kröber,SPD,20
Michael Kruse,FDP,20
Tilman Kuban,CDU,20
Kevin Kühnert,SPD,20
Sarah Lahrkamp,SPD,20
Ricarda Lang,GRÜNE,20
Andreas Larem,SPD,20
Ina Latendorf,DIE LINKE.,20
Kevin Leiser,SPD,20
Jürgen Lenders,FDP,20
Barbara Lenk,AfD,20
Christian Leye,Plos,20
Luiza Licina-Bode,SPD,20
Thorsten Lieb,FDP,20
Anja Liebert,GRÜNE,20
Esra Limbacher,SPD,20
Helge Limburg,GRÜNE,20
Denise Loop,GRÜNE,20
Max Lucks,GRÜNE,20
Bettina Lugk,SPD,20
Kristine Lütke,FDP,20
Tanja Machalet,SPD,20
Klaus Mack,CDU,20
Erik Malottki,SPD,20
Holger Mann,SPD,20
Kaweh Mansoori,SPD,20
Zanda Martens,SPD,20
Parsa Marvi,SPD,20
Franziska Mascheck,SPD,20
Zoe Mayer,GRÜNE,20
Volker Mayer-Lay,CDU,20
Andreas Mehltretter,SPD,20
Takis Mehmet Ali,SPD,20
Susanne Menge,GRÜNE,20
Anikó Merten,FDP,20
Robin Mesarosch,SPD,20
Swantje Henrike Michaelsen,GRÜNE,20
Kathrin Michel,SPD,20
Matthias David Mieves,SPD,20
Boris Mijatović,GRÜNE,20
Mike Moncsek,AfD,20
Matthias Moosdorf,AfD,20
Maximilian Mordhorst,FDP,20
Maximilian Mörseburg,CDU,20
Florian Müller,CDU,20
Michael Müller,SPD,20
Sascha Müller,GRÜNE,20
Stefan Nacke,CDU,20
Sara Nanni,GRÜNE,20
Rasha Nasr,SPD,20
Edgar Naujok,AfD,20
Ophelia Nick,GRÜNE,20
Brian Nickholz,SPD,20
Jörg Nürnberger,SPD,20
Lennard Oehl,SPD,20
Moritz Oppelt,CDU,20
Karoline Otte,GRÜNE,20
Julian Pahlke,GRÜNE,20
Christos Pantazis,SPD,20
Wiebke Papenbrock,SPD,20
Mathias Papendieck,SPD,20
Natalie Pawlik,SPD,20
Jens Peick,SPD,20
Andreas Philippi,SPD,20
Paula Piechotta,GRÜNE,20
Jan Plobner,SPD,20
Martin Plum,CDU,20
Volker Redder,FDP,20
Henning Rehbaum,CDU,20
Markus Reichel,CDU,20
Heidi Reichinnek,DIE LINKE.,20
Anja Reinalter,GRÜNE,20
Ye-One Rhie,SPD,20
Frank Rinck,AfD,20
Lars Rohwer,CDU,20
Sebastian Roloff,SPD,20
Jessica Rosenthal,SPD,20
Thomas Röwekamp,CDU,20
Thorsten Rudolph,SPD,20
Tina Rudolph,SPD,20
Kassem Taher Saleh,GRÜNE,20
Catarina Santos Firnhaber,CDU,20
Ingo Schäfer,SPD,20
Jamila Schäfer,GRÜNE,20
Sebastian Schäfer,GRÜNE,20
Rebecca Schamber,SPD,20
Bernd Schattner,AfD,20
Johannes Schätzl,SPD,20
Christiane Schenderlein,CDU,20
Peggy Schierenbeck,SPD,20
Timo Schisanowski,SPD,20
Christoph Schmid,SPD,20
Eugen Schmidt,AfD,20
Jan Wenzel Schmidt,AfD,20
Daniel Schneider,SPD,20
Marlene Schönberger,GRÜNE,20
Christian Schreider,SPD,20
Christina-Johanne Schröder,GRÜNE,20
Ria Schröder,FDP,20
Anja Schulz,FDP,20
Svenja Schulze,SPD,20
Armin Schwarz,CDU,20
Stefan Seidler,SSW,20
Stephan Seiter,FDP,20
Lina Seitzl,SPD,20
Melis Sekmen,GRÜNE,20
Rainer Semet,FDP,20
Nyke Slawik,GRÜNE,20
Anne Monika Spallek,GRÜNE,20
Merle Spellerberg,GRÜNE,20
Nina Stahr,GRÜNE,20
Till Steffen,GRÜNE,20
Ralf Stegner,SPD,20
Hanna Steinmüller,GRÜNE,20
Nadja Sthamer,SPD,20
Klaus Stöber,AfD,20
Diana Stöcker,CDU,20
Konrad Stockmeier,FDP,20
Christina Stumpp,CDU,20
Ruppert Stüwe,SPD,20
Awet Tesfaiesus,GRÜNE,20
Jens Teutrine,FDP,20
Nico Tippelt,FDP,20
Anja Troff-Schaffarzyk,SPD,20
Derya Türk-Nachbaur,SPD,20
Katrin Uhlig,GRÜNE,20
Frank Ullrich,SPD,20
Oliver Vogt,CDU,20
Niklas Wagener,GRÜNE,20
Robin Wagener,GRÜNE,20
Carolin Wagner,SPD,20
Johannes Wagner,GRÜNE,20
Maja Wallstein,SPD,20
Hannes Walter,SPD,20
Carmen Wegge,SPD,20
Melanie Wegling,SPD,20
Saskia Weishaupt,GRÜNE,20
Maria-Lena Weiss,CDU,20
Stefan Wenzel,GRÜNE,20
Lena Werner,SPD,20
Klaus Wiener,CDU,20
Tobias Winkler,CSU,20
Tina Winklmann,GRÜNE,20
Janine Wissler,DIE LINKE.,20
Mechthilde Wittmann,CSU,20
Herbert Wollmann,SPD,20
Mareike Lotte Wulf,CDU,20
Joachim Wundrak,AfD,20
Kay-Uwe Ziegler,AfD,20
Nicolas Zippelius,CDU,20
Armand Zorn,SPD,20
Katrin Zschau,SPD,20
Claudia Raffelhüschen,FDP,20
Clara Bünger,DIE LINKE.,20
Michael Sacher,GRÜNE,20
Nils Gründer,FDP,20
Daniel Rinkert,SPD,20
Alexander Bartz,SPD,20
Emily Vontz,SPD,20
Dirk-Ulrich Mende,SPD,20
Alexander Föhr,CDU,20
Rainer Rothfuß,AfD,20
Ana-Maria Trăsnea,SPD,20
Christian Bartelt,FDP,20
Tim Wagner,FDP,20
Nadine Ruf,SPD,20
Jürgen Kretz,GRÜNE,20
Gunther Krichbaum,CDU,19
Jens Koeppen,CDU,19
Mechthild Rawert,SPD,19
Marcus Weinberg,CDU,19
Johannes Fechner,SPD,19
Arno Klare,SPD,19
Martin Patzelt,CDU,19
Michael Abercron,CDU,19
Doris Achelwilm,DIE LINKE.,19
Grigorios Aggelidis,FDP,19
Gökay Akbulut,DIE LINKE.,19
Renata Alt,FDP,19
Norbert Maria Altenkamp,CDU,19
Philipp Amthor,CDU,19
Lisa Badum,GRÜNE,19
Simone Barrientos,DIE LINKE.,19
Nicole Bauer,FDP,19
Bernd Baumann,AfD,19
Margarete Bause,GRÜNE,19
Danyal Bayaz,GRÜNE,19
Canan Bayram,GRÜNE,19
Jens Beeck,FDP,19
Olaf In der Beek,FDP,19
Nicola Beer,FDP,19
Marc Bernhard,AfD,19
Melanie Bernstein,CDU,19
Christoph Bernstiel,CDU,19
Lorenz Gösta Beutin,DIE LINKE.,19
Marc Biadacz,CDU,19
Andreas Bleck,AfD,19
Peter Boehringer,AfD,19
Jens Brandenburg,FDP,19
Mario Brandenburg,FDP,19
Stephan Brandner,AfD,19
Michel Brandt,DIE LINKE.,19
Jürgen Braun,AfD,19
Silvia Breher,CDU,19
Sebastian Brehm,CSU,19
Leni Breymaier,SPD,19
Katrin Budde,SPD,19
Marcus Bühl,AfD,19
Birke Bull-Bischoff,DIE LINKE.,19
Karlheinz Busen,FDP,19
Matthias Büttner,AfD,19
Petr Bystron,AfD,19
Jörg Cezanne,DIE LINKE.,19
Anna Christmann,GRÜNE,19
Tino Chrupalla,AfD,19
Joana Cotar,Plos,19
Carl-Julius Cronenberg,FDP,19
Gottfried Curio,AfD,19
Astrid Damerow,CDU,19
Britta Katharina Dassler,FDP,19
Esther Dilcher,SPD,19
Anke Domscheit-Berg,DIE LINKE.,19
Siegbert Droese,AfD,19
Christian Dürr,FDP,19
Hartmut Ebbing,FDP,19
Thomas Ehrhorn,AfD,19
Berengar Elsner von Gronow,AfD,19
Thomas Erndl,CSU,19
Wiebke Esdar,SPD,19
Michael Espendiller,AfD,19
Marcus Faber,FDP,19
Yasmin Fahimi,SPD,19
Peter Felser,AfD,19
Susanne Ferschl,DIE LINKE.,19
Daniel Föst,FDP,19
Brigitte Freihold,DIE LINKE.,19
Dietmar Friedhoff,AfD,19
Anton Friesen,AfD,19
Markus Frohnmaier,AfD,19
Götz Frömming,AfD,19
Sylvia Gabelmann,DIE LINKE.,19
Alexander Gauland,AfD,19
Axel Gehrke,AfD,19
Stefan Gelbhaar,GRÜNE,19
Albrecht Glaser,AfD,19
Franziska Gminder,AfD,19
Eckhard Gnodtke,CDU,19
Wilhelm Gottberg,AfD,19
Kay Gottschalk,AfD,19
Timon Gremmels,SPD,19
Erhard Grundl,GRÜNE,19
Thomas Hacker,FDP,19
Armin-Paulus Hampel,AfD,19
Mariana Iris Harder-Kühnel,AfD,19
Verena Hartmann,Plos,19
Roland Hartwig,AfD,19
Jochen Haug,AfD,19
Martin Hebner,AfD,19
Thomas Heilmann,CDU,19
Katrin Helling-Plahr,FDP,19
Udo Theodor Hemmelgarn,AfD,19
Marc Henrichmann,CDU,19
Markus Herbrand,FDP,19
Torsten Herbst,FDP,19
Waldemar Herdt,AfD,19
Lars Herrmann,Plos,19
Martin Hess,AfD,19
Katja Hessel,FDP,19
Heiko Heßenkemper,Plos,19
Karsten Hilse,AfD,19
Nicole Höchst,AfD,19
Gero Clemens Hocker,FDP,19
Bettina Hoffmann,GRÜNE,19
Christoph Hoffmann,FDP,19
Matthias Höhn,DIE LINKE.,19
Bruno Hollnagel,Plos,19
Leif-Erik Holm,AfD,19
Ottmar Holtz,GRÜNE,19
Reinhard Houben,FDP,19
Johannes Huber,Plos,19
Ulla Ihnen,FDP,19
Hans-Jürgen Irmer,CDU,19
Fabian Jacobi,AfD,19
Marc Jongen,AfD,19
Christian Jung,FDP,19
Ingmar Jung,CDU,19
Elisabeth Kaiser,SPD,19
Uwe Kamann,Plos,19
Torbjörn Kartes,CDU,19
Thomas L. Kemmerich,FDP,19
Achim Kessler,DIE LINKE.,19
Jens Kestner,AfD,19
Stefan Keuter,AfD,19
Michael Kießling,CSU,19
Karsten Klein,FDP,19
Norbert Kleinwächter,AfD,19
Marcel Klinge,FDP,19
Katharina Kloke,FDP,19
Daniela Kluckert,FDP,19
Lukas Köhler,FDP,19
Enrico Komning,AfD,19
Jörn König,AfD,19
Carina Konrad,FDP,19
Elvan Korkmaz,SPD,19
Steffen Kotré,AfD,19
Rainer Kraft,AfD,19
Alexander Krauß,CDU,19
Michael Kuffer,CSU,19
Konstantin Kuhle,FDP,19
Alexander Kulitz,FDP,19
Alexander Lambsdorff,FDP,19
Ulrich Lechte,FDP,19
Jens Lehmann,CDU,19
Sven Lehmann,GRÜNE,19
Helge Lindh,SPD,19
Nikolas Löbel,Plos,19
Bernhard Loos,CSU,19
Rüdiger Lucassen,AfD,19
Heiko Maas,SPD,19
Frank Magnitz,AfD,19
Jens Maier,AfD,19
Lothar Maier,AfD,19
Birgit Malsack-Winkemann,AfD,19
Astrid Mannes,CDU,19
Till Mansmann,FDP,19
Jürgen Martens,FDP,19
Fabio De Masi,DIE LINKE.,19
Pascal Meiser,DIE LINKE.,19
Christoph Meyer,FDP,19
Corinna Miazga,AfD,19
Mario Mieruch,LKR,19
Amira Mohamed Ali,BSW,19
Falko Mohrs,SPD,19
Claudia Moll,SPD,19
Siemtje Möller,SPD,19
Andreas Mrosek,AfD,19
Alexander Müller,FDP,19
Axel Müller,CDU,19
Claudia Müller,GRÜNE,19
Hansjörg Müller,AfD,19
Sepp Müller,CDU,19
Roman Müller-Böhm,FDP,19
Frank Müller-Rosentritt,FDP,19
Volker Münz,AfD,19
Sebastian Münzenmaier,AfD,19
Zaklin Nastic,BSW,19
Christoph Neumann,AfD,19
Petra Nicolaisen,CDU,19
Jan Ralf Nolte,AfD,19
Ulrich Oehme,AfD,19
Josephine Ortleb,SPD,19
Josef Oster,CDU,19
Gerold Otten,AfD,19
Frank Pasemann,Plos,19
Sören Pellmann,DIE LINKE.,19
Victor Perli,DIE LINKE.,19
Tobias Matthias Peterka,AfD,19
Frauke Petry,Plos,19
Tobias Pflüger,DIE LINKE.,19
Stephan Pilsinger,CSU,19
Christoph Ploß,CDU,19
Paul Viktor Podolay,AfD,19
Jürgen Pohl,AfD,19
Filiz Polat,GRÜNE,19
Stephan Protschka,AfD,19
Martin Reichardt,AfD,19
Martin Erwin Renner,AfD,19
Roman Johannes Reusch,AfD,19
Bernd Reuther,FDP,19
Bernd Riexinger,DIE LINKE.,19
Manuela Rottmann,GRÜNE,19
Stefan Rouenhoff,CDU,19
Thomas Sattelberger,FDP,19
Stefan Sauer,CDU,19
Christian Sauter,FDP,19
Ulrike Schielke-Ziesing,AfD,19
Wieland Schinnenburg,FDP,19
Robby Schlund,AfD,19
Nils Schmid,SPD,19
Stefan Schmidt,GRÜNE,19
Uwe Schmidt,SPD,19
Claudia Schmidtke,CDU,19
Jörg Schneider,AfD,19
Johannes Schraps,SPD,19
Eva-Maria Schreiber,DIE LINKE.,19
Felix Schreiner,CDU,19
Michael Schrodi,SPD,19
Manja Schüle,SPD,19
Martin Schulz,SPD,19
Uwe Schulz,AfD,19
Torsten Schweiger,CDU,19
Matthias Seestern-Pauly,FDP,19
Thomas Seitz,AfD,19
Martin Sichert,AfD,19
Björn Simon,CDU,19
Frank Sitta,FDP,19
Helin Evrim Sommer,DIE LINKE.,19
Detlev Spangenberg,AfD,19
Dirk Spaniel,AfD,19
René Springer,AfD,19
Katrin Staffler,CSU,19
Bettina Stark-Watzinger,FDP,19
Andreas Steier,CDU,19
Mathias Stein,SPD,19
Beatrix Storch,AfD,19
Marie-Agnes Strack-Zimmermann,FDP,19
Friedrich Straetmanns,DIE LINKE.,19
Benjamin Strasser,FDP,19
Margit Stumpp,GRÜNE,19
Katja Suding,FDP,19
Jessica Tatti,BSW,19
Hermann-Josef Tebroke,CDU,19
Linda Teuteberg,FDP,19
Michael Theurer,FDP,19
Hans-Jürgen Thies,CDU,19
Alexander Throm,CDU,19
Dietlind Tiemann,CDU,19
Markus Töns,SPD,19
Andrew Ullmann,FDP,19
Gerald Ullrich,FDP,19
Kerstin Vieregge,CDU,19
Christoph Vries,CDU,19
Andreas Wagner,DIE LINKE.,19
Sandra Weeser,FDP,19
Alice Weidel,AfD,19
Nicole Westig,FDP,19
Harald Weyel,AfD,19
Wolfgang Wiehle,AfD,19
Heiko Wildberg,AfD,19
Christian Wirth,AfD,19
Uwe Witt,Plos,19
Paul Ziemiak,CDU,19
Gyde Jensen,FDP,19
Marja-Liisa Völlers,SPD,19
Gerhard Zickenheiner,GRÜNE,19
Nezahat Baradari,SPD,19
Peter Heidt,FDP,19
Isabel Mackensen,SPD,19
Joe Weingarten,SPD,19
Charlotte Schneidewind-Hartnagel,GRÜNE,19
Reginald Hanke,FDP,19
Sylvia Lehmann,SPD,19
Saskia Ludwig,CDU,19
Sandra Bubendorfer-Licht,FDP,19
Bela Bach,SPD,19
Matthias Nölke,FDP,19
Dorothee Martin,SPD,19
Wolfgang Wetzel,GRÜNE,19
Christian Natterer,CDU,19
Janosch Dahmen,GRÜNE,19
Kristina Nordt,CDU,19
Maika Friemann-Jennert,CDU,19
Christopher Gohl,FDP,19
Marcel Emmerich,GRÜNE,19
Susanne Wetterich,CDU,19
Florian Jäger,AfD,19
Zeki Gökhan,DIE LINKE.,19
Gereon Bollmann,AfD,19
Rainer Arnold,SPD,18
Heinz Wiese,CDU,18
Markus Grübel,CDU,18
Eva Högl,SPD,18
Caren Lay,DIE LINKE.,18
Stephan Stracke,CSU,18
Stephan Albani,CDU,18
Katrin Albsteiger,CSU,18
Luise Amtsberg,GRÜNE,18
Heike Baehrens,SPD,18
Annalena Baerbock,GRÜNE,18
Ulrike Bahr,SPD,18
Katarina Barley,SPD,18
Matthias Bartke,SPD,18
Julia Bartz,CSU,18
Maik Beermann,CDU,18
Sybille Benning,CDU,18
André Berghegger,CDU,18
Ute Bertram,CDU,18
Burkhard Blienert,SPD,18
Franziska Brantner,GRÜNE,18
Karl-Heinz Brunner,SPD,18
Lars Castellucci,SPD,18
Bernhard Daldrup,SPD,18
Karamba Diaby,SPD,18
Alexandra Dinges-Dierig,CDU,18
Sabine Dittmar,SPD,18
Michael Donth,CDU,18
Katharina Dröge,GRÜNE,18
Hansjörg Durz,CSU,18
Jutta Eckenbach,CDU,18
Michaela Engelmeier,SPD,18
Saskia Esken,SPD,18
Bernd Fabritius,CSU,18
Hermann Färber,CDU,18
Uwe Feiler,CDU,18
Fritz Felgentreu,SPD,18
Ute Finckh-Krämer,SPD,18
Christian Flisek,SPD,18
Ulrich Freese,SPD,18
Thorsten Frei,CDU,18
Astrid Freudenstein,CSU,18
Matthias Gastel,GRÜNE,18
Cemile Giousouf,CDU,18
Ursula Groden-Kranich,CDU,18
Klaus-Dieter Gröhler,CDU,18
Uli Grötsch,SPD,18
Oliver Grundmann,CDU,18
Herlind Gundelach,CDU,18
Fritz Güntzler,CDU,18
Christian Haase,CDU,18
Rita Hagl-Kehl,SPD,18
André Hahn,DIE LINKE.,18
Metin Hakverdi,SPD,18
Ulrich Hampel,SPD,18
Sebastian Hartmann,SPD,18
Matthias Hauer,CDU,18
Mark Hauptmann,CDU,18
Stefan Heck,CDU,18
Dirk Heidenblut,SPD,18
Gabriela Heinrich,SPD,18
Marcus Held,SPD,18
Mark Helfrich,CDU,18
Jörg Hellmuth,CDU,18
Heidtrud Henn,SPD,18
Heribert Hirte,CDU,18
Thomas Hitschler,SPD,18
Alexander Hoffmann,CSU,18
Hendrik Hoppenstedt,CDU,18
Margaret Horb,CDU,18
Bettina Hornhues,CDU,18
Charles M. Huber,CDU,18
Sigrid Hupach,DIE LINKE.,18
Matthias Ilgen,SPD,18
Erich Irlstorfer,CSU,18
Christina Jantz,SPD,18
Sylvia Jörrißen,CDU,18
Reinhold Jost,SPD,18
Xaver Jung,CDU,18
Frank Junge,SPD,18
Thomas Jurk,SPD,18
Christina Kampmann,SPD,18
Steffen Kanitz,CDU,18
Ralf Kapschack,SPD,18
Susanna Karawanskij,DIE LINKE.,18
Anja Karliczek,CDU,18
Kerstin Kassner,DIE LINKE.,18
Gabriele Katzmarek,SPD,18
Marina Kermer,SPD,18
Georg Kippels,CDU,18
Cansel Kiziltepe,SPD,18
Birgit Kömpel,SPD,18
Markus Koob,CDU,18
Carsten Körber,CDU,18
Christian Kühn,GRÜNE,18
Roy Kühne,CDU,18
Uwe Lagosky,CDU,18
Silke Launert,CSU,18
Katja Leikert,CDU,18
Philipp Lengsfeld,CDU,18
Andreas Lenz,CSU,18
Philipp Lerchenfeld,CSU,18
Antje Lezius,CDU,18
Andrea Lindholz,CSU,18
Wilfried Lorenz,CDU,18
Hiltrud Lotze,SPD,18
Claudia Lücking-Michel,CDU,18
Yvonne Magwas,CDU,18
Birgit Malecha-Nissen,SPD,18
Gisela Manderla,CDU,18
Matern Marschall von Bieberstein,CDU,18
Reiner Meier,CSU,18
Peter Meiwald,GRÜNE,18
Jan Metzler,CDU,18
Irene Mihalic,GRÜNE,18
Klaus Mindrup,SPD,18
Susanne Mittag,SPD,18
Karsten Möring,CDU,18
Elisabeth Motschmann,CDU,18
Bettina Müller,SPD,18
Michelle Müntefering,SPD,18
Özcan Mutlu,GRÜNE,18
Alexander S. Neu,DIE LINKE.,18
Andreas Nick,CDU,18
Ulli Nissen,SPD,18
Helmut Nowak,CDU,18
Wilfried Oellers,CDU,18
Florian Oßner,CSU,18
Tim Ostermann,CDU,18
Mahmut Özdemir,SPD,18
Ingrid Pahlmann,CDU,18
Sylvia Pantel,CDU,18
Markus Paschke,SPD,18
Martin Pätzold,CDU,18
Harald Petzold,DIE LINKE.,18
Jeannine Pflugradt,SPD,18
Detlev Pilger,SPD,18
Sabine Poschmann,SPD,18
Achim Post,SPD,18
Florian Post,SPD,18
Simone Raatz,SPD,18
Martin Rabanus,SPD,18
Kerstin Radomski,CDU,18
Alexander Radwan,CSU,18
Alois Rainer,CSU,18
Martina Renner,DIE LINKE.,18
Daniela De Ridder,SPD,18
Andreas Rimkus,SPD,18
Dennis Rohde,SPD,18
Martin Rosemann,SPD,18
Corinna Rüffer,GRÜNE,18
Susann Rüthrich,SPD,18
Bernd Rützel,SPD,18
Johann Saathoff,SPD,18
Hans-Joachim Schabedoth,SPD,18
Ulle Schauws,GRÜNE,18
Nina Scheer,SPD,18
Udo Schiefner,SPD,18
Jana Schimke,CDU,18
Dorothee Schlegel,SPD,18
Heiko Schmelzle,CDU,18
Dagmar Schmidt,SPD,18
Gabriele Schmidt,CDU,18
Matthias Schmidt,SPD,18
Ursula Schulte,SPD,18
Kordula Schulz-Asche,GRÜNE,18
Klaus-Peter Schulze,CDU,18
Andreas Schwarz,SPD,18
Christina Schwarzer,CDU,18
Tino Sorge,CDU,18
Rainer Spiering,SPD,18
Norbert Spinrath,SPD,18
Svenja Stadler,SPD,18
Martina Stamm-Fibich,SPD,18
Wolfgang Stefinger,CSU,18
Albert Stegemann,CDU,18
Peter Stein,CDU,18
Sebastian Steineke,CDU,18
Johannes Steiniger,CDU,18
Rita Stockhofe,CDU,18
Thomas Stritzl,CDU,18
Sabine Sütterlin-Waack,CDU,18
Azize Tank,DIE LINKE.,18
Claudia Tausend,SPD,18
Michael Thews,SPD,18
Astrid Timmermann-Fechter,CDU,18
Carsten Träger,SPD,18
Volker Ullrich,CSU,18
Oswin Veith,CDU,18
Julia Verlinden,GRÜNE,18
Thomas Viesehon,CDU,18
Michael Vietz,CDU,18
Sven Volmering,CDU,18
Dirk Vöpel,SPD,18
Christel Voßbeck-Kayser,CDU,18
Kees Vries,CDU,18
Doris Wagner,GRÜNE,18
Nina Warken,CDU,18
Gabi Weber,SPD,18
Albert Weiler,CDU,18
Anja Weisgerber,CSU,18
Marian Wendt,CDU,18
Bernd Westphal,SPD,18
Kai Whittaker,CDU,18
Dirk Wiese,SPD,18
Oliver Wittke,CDU,18
Birgit Wöllert,DIE LINKE.,18
Barbara Woltmann,CDU,18
Gülistan Yüksel,SPD,18
Hubertus Zdebel,DIE LINKE.,18
Tobias Zech,CSU,18
Heinrich Zertik,CDU,18
Emmi Zeulner,CSU,18
Stefan Zierke,SPD,18
Pia Zimmermann,DIE LINKE.,18
Gudrun Zollner,CSU,18
Jens Zimmermann,SPD,18
Kordula Kovac,CDU,18
Christian Petry,SPD,18
Waldemar Westermayer,CDU,18
Norbert Müller,DIE LINKE.,18
Angelika Glöckner,SPD,18
Thorsten Hoffmann,CDU,18
Ronja Schmitt,CDU,18
Birgit Menz,DIE LINKE.,18
Iris Eberl,CSU,18
Karin Thissen,SPD,18
Sarah Ryglewski,SPD,18
Volker Mosblech,CDU,18
Elfi Scho-Antwerpes,SPD,18
Petra Rode-Bosse,SPD,18
Iris Ripsam,CDU,18
Kathrin Rösel,CDU,18
Karl-Heinz Wange,CDU,18
Jürgen Coße,SPD,18
Bettina Bähr-Losse,SPD,18
Rainer Hajek,CDU,18
Mathias Edwin Höschel,CDU,18
Marion Marga Herdan,CDU,18
Thomas Jepsen,CDU,18
Markus Uhl,CDU,18
Roland Claus,DIE LINKE.,17
Jan Aken,DIE LINKE.,17
Agnes Alpers,DIE LINKE.,17
Christine Aschenberg-Dugnus,FDP,17
Peter Aumer,CSU,17
Heinz-Joachim Barchmann,SPD,17
Bärbel Bas,SPD,17
Herbert Behrens,DIE LINKE.,17
Manfred Behrens,CDU,17
Florian Bernschneider,FDP,17
Peter Beyer,CDU,17
Steffen Bilger,CDU,17
Matthias W. Birkwald,DIE LINKE.,17
Sebastian Blumenthal,FDP,17
Steffen Bockhahn,DIE LINKE.,17
Claudia Bögel,FDP,17
Nicole Bracht-Bendt,FDP,17
Norbert Brackmann,CDU,17
Reinhard Brandl,CSU,17
Heike Brehmer,CDU,17
Klaus Breil,FDP,17
Ralph Brinkhaus,CDU,17
Christine Buchholz,DIE LINKE.,17
Marco Buschmann,FDP,17
Sylvia Canel,FDP,17
Viola Cramon-Taubadel,GRÜNE,17
Petra Crone,SPD,17
Reiner Deutschmann,FDP,17
Heidrun Dittrich,DIE LINKE.,17
Bijan Djir-Sarai,FDP,17
Katja Dörner,GRÜNE,17
Rainer Erdel,FDP,17
Thomas Feist,CDU,17
Edgar Franke,SPD,17
Michael Frieser,CSU,17
Alexander Funk,CDU,17
Ingo Gädechens,CDU,17
Thomas Gambke,GRÜNE,17
Thomas Gebhart,CDU,17
Michael Gerdes,SPD,17
Alois Gerig,CDU,17
Nicole Gohlke,DIE LINKE.,17
Heinz Golombeck,FDP,17
Ulrike Gottschalck,SPD,17
Michael Groschek,SPD,17
Michael Groß,SPD,17
Astrid Grotelüschen,CDU,17
Annette Groth,DIE LINKE.,17
Florian Hahn,CSU,17
Stephan Harbarth,CDU,17
Jürgen Hardt,CDU,17
Matthias Heider,CDU,17
Mechthild Heil,CDU,17
Rosemarie Hein,DIE LINKE.,17
Frank Heinrich,CDU,17
Rudolf Henke,CDU,17
Ansgar Heveling,CDU,17
Manuel Höferlin,FDP,17
Ingrid Hönlinger,GRÜNE,17
Karl Holmeier,CSU,17
Andrej Hunko,BSW,17
Thomas Jarzombek,CDU,17
Dieter Jasper,CDU,17
Oliver Kaczmarek,SPD,17
Heiner Kamp,FDP,17
Stefan Kaufmann,CDU,17
Uwe Kekeritz,GRÜNE,17
Katja Keul,GRÜNE,17
Roderich Kiesewetter,CDU,17
Memet Kilic,GRÜNE,17
Sven-Christian Kindler,GRÜNE,17
Volkmar Klein,CDU,17
Maria Klein-Schmeink,GRÜNE,17
Axel Knoerig,CDU,17
Lutz Knopek,FDP,17
Pascal Kober,FDP,17
Harald Koch,DIE LINKE.,17
Tom Koenigs,GRÜNE,17
Sebastian Körber,FDP,17
Daniela Kolbe,SPD,17
Jutta Krellmann,DIE LINKE.,17
Oliver Krischer,GRÜNE,17
Agnes Krumwiede,GRÜNE,17
Rüdiger Kruse,CDU,17
Bettina Kudla,CDU,17
Stephan Kühn,GRÜNE,17
Günter Lach,CDU,17
Ulrich Lange,CSU,17
Sabine Leidig,DIE LINKE.,17
Steffen-Claudio Lemme,SPD,17
Ralph Lenkert,DIE LINKE.,17
Ursula Leyen,CDU,17
Stefan Liebich,DIE LINKE.,17
Matthias Lietz,CDU,17
Lars Lindemann,FDP,17
Martin Lindner,FDP,17
Christian Lindner,FDP,17
Carsten Linnemann,CDU,17
Burkhard Lischka,SPD,17
Jan-Marco Luczak,CDU,17
Kirsten Lühmann,SPD,17
Oliver Luksic,FDP,17
Thomas Lutze,SPD,17
Karin Maag,CDU,17
Thomas Maizière,CDU,17
Agnes Malczak,GRÜNE,17
Hans-Georg Marwitz,CDU,17
Andreas Mattfeldt,CDU,17
Ullrich Meßmer,SPD,17
Mathias Middelberg,CDU,17
Cornelia Möhring,DIE LINKE.,17
Gabriele Molitor,FDP,17
Dietrich Monstadt,CDU,17
Niema Movassat,DIE LINKE.,17
Petra Müller,FDP,17
Nadine Müller,CDU,17
Beate Müller-Gemmeke,GRÜNE,17
Philipp Murmann,CDU,17
Ingrid Nestle,GRÜNE,17
Martin Neumann,FDP,17
Manfred Nink,SPD,17
Thomas Nord,DIE LINKE.,17
Konstantin Notz,GRÜNE,17
Aydan Özoğuz,SPD,17
Hermann E. Ott,GRÜNE,17
Michael Paul,CDU,17
Lisa Paus,GRÜNE,17
Jens Petermann,Plos,17
Richard Pitterle,DIE LINKE.,17
Christoph Poland,CDU,17
Eckhard Pols,CDU,17
Lucia Puttrich,CDU,17
Birgit Reinemund,FDP,17
Ingrid Remmers,DIE LINKE.,17
Lothar Riebsamen,CDU,17
Josef Rief,CDU,17
Peter Röhlinger,FDP,17
Tabea Rößner,GRÜNE,17
Erwin Rüddel,CDU,17
Stefan Ruppert,FDP,17
Björn Sänger,FDP,17
Werner Schieder,SPD,17
Tankred Schipanski,CDU,17
Michael Schlecht,DIE LINKE.,17
Frithjof Schmidt,GRÜNE,17
Patrick Schnieder,CDU,17
Christoph Schnurr,FDP,17
Jimmy Schulz,FDP,17
Armin Schuster,CDU,17
Stefan Schwartze,SPD,17
Erik Schweickert,FDP,17
Detlef Seif,CDU,17
Reinhold Sendker,CDU,17
Kathrin Senger-Schäfer,DIE LINKE.,17
Patrick Sensburg,CDU,17
Raju Sharma,DIE LINKE.,17
Carsten Sieling,SPD,17
Werner Simmling,FDP,17
Judith Skudelny,FDP,17
Joachim Spatz,FDP,17
Torsten Staffeldt,FDP,17
Carola Stauche,CDU,17
Frank Steffel,CDU,17
Sonja Steffen,SPD,17
Peer Steinbrück,SPD,17
Dorothea Steiner,GRÜNE,17
Frank-Walter Steinmeier,SPD,17
Dieter Stier,CDU,17
Karin Strenz,CDU,17
Sabine Stüber,DIE LINKE.,17
Alexander Süßmair,DIE LINKE.,17
Kerstin Tack,SPD,17
Peter Tauber,CDU,17
Stephan Thomae,FDP,17
Wolfgang Tiefensee,SPD,17
Serkan Tören,FDP,17
Markus Tressel,GRÜNE,17
Johannes Vogel,FDP,17
Stefanie Vogelsang,CDU,17
Kathrin Vogler,DIE LINKE.,17
Johann Wadephul,CDU,17
Sahra Wagenknecht,BSW,17
Daniela Wagner,GRÜNE,17
Halina Wawzyniak,DIE LINKE.,17
Harald Weinberg,DIE LINKE.,17
Sabine Weiss,CDU,17
Katrin Werner,DIE LINKE.,17
Peter Wichtel,CDU,17
Valerie Wilms,GRÜNE,17
Dagmar Ziegler,SPD,17
Matthias Zimmer,CDU,17
Yvonne Ploetz,DIE LINKE.,17
Ewa Klamt,CDU,17
Christiane Ratjen-Damerau,FDP,17
Holger Krestel,FDP,17
Johanna Voß,DIE LINKE.,17
Ingo Egloff,SPD,17
Stefan Rebmann,SPD,17
Harald Ebner,GRÜNE,17
Till Seiler,GRÜNE,17
Tobias Lindner,GRÜNE,17
Ulrich Schneider,GRÜNE,17
Jörg Polheim,FDP,17
Beate Walter-Rosenheimer,GRÜNE,17
Manfred Todtenhausen,FDP,17
Annette Sawade,SPD,17
Arfst Wagner,GRÜNE,17
Wolfgang Hellmich,SPD,17
Hans-Werner Ehrenberg,FDP,17
Hagen Reinhold,FDP,17
Susanne Kieckbusch,GRÜNE,17
Gerhard Drexler,FDP,17
Michael Luther,CDU,16
Peter Rauen,CDU,16
Fritz Kuhn,GRÜNE,16
Laurenz Meyer,CDU,16
Jens Ackermann,FDP,16
Christian Ahrendt,FDP,16
Peter Albach,CDU,16
Gregor Amann,SPD,16
Niels Annen,SPD,16
Hüseyin-Kenan Aydin,DIE LINKE.,16
Thomas Bareiß,CDU,16
Uwe Barth,FDP,16
Dirk Becker,SPD,16
Günther Beckstein,CSU,16
Karin Binder,DIE LINKE.,16
Lothar Bisky,DIE LINKE.,16
Heidrun Bluhm,DIE LINKE.,16
Volker Blumentritt,SPD,16
Michael Brand,CDU,16
Martina Bunge,DIE LINKE.,16
Martin Burkert,SPD,16
Christian Carstensen,SPD,16
Sevim Dağdelen,BSW,16
Patrick Döring,FDP,16
Werner Dreibus,DIE LINKE.,16
Carl-Christian Dressel,SPD,16
Garrelt Duin,SPD,16
Mechthild Dyckmans,FDP,16
Klaus Ernst,Plos,16
Peter Friedrich,SPD,16
Sigmar Gabriel,SPD,16
Kai Gehring,GRÜNE,16
Edmund Peter Geisen,FDP,16
Martin Gerster,SPD,16
Diana Golze,DIE LINKE.,16
Miriam Gruß,FDP,16
Monika Grütters,CDU,16
Wolfgang Gunkel,SPD,16
Heike Hänsel,DIE LINKE.,16
Britta Haßelmann,GRÜNE,16
Heinz-Peter Haustein,FDP,16
Lutz Heilmann,DIE LINKE.,16
Hans-Kurt Hill,DIE LINKE.,16
Petra Hinz,SPD,16
Priska Hinz,GRÜNE,16
Cornelia Hirsch,DIE LINKE.,16
Elke Hoff,FDP,16
Anton Hofreiter,GRÜNE,16
Inge Höger-Neuling,DIE LINKE.,16
Bärbel Höhn,GRÜNE,16
Franz-Josef Holzenkamp,CDU,16
Anette Hübinger,CDU,16
Lukrezia Jochimsen,DIE LINKE.,16
Hans-Heinrich Jordan,CDU,16
Johannes Jung,SPD,16
Andreas Jung,CDU,16
Franz Josef Jung,CDU,16
Josip Juratovic,SPD,16
Hans-Werner Kammer,CDU,16
Alois Karl,CSU,16
Hakki Keskin,DIE LINKE.,16
Katja Kipping,DIE LINKE.,16
Christian Kleiminger,SPD,16
Ute Koczy,GRÜNE,16
Jan Korte,DIE LINKE.,16
Rolf Koschorrek,CDU,16
Sylvia Kotting-Uhl,GRÜNE,16
Johann-Henrich Krummacher,CDU,16
Jürgen Kucharczyk,SPD,16
Katrin Kunert,DIE LINKE.,16
Andreas G. Lämmel,CDU,16
Karl Lauterbach,SPD,16
Max Lehmer,CSU,16
Paul Lehrieder,CSU,16
Michael Leutert,DIE LINKE.,16
Ingbert Liebing,CDU,16
Michael Link,FDP,16
Helga Lopez,SPD,16
Katja Mast,SPD,16
Ulrich Maurer,DIE LINKE.,16
Horst Meierhofer,FDP,16
Patrick Meinhardt,FDP,16
Dorothee Menzner,DIE LINKE.,16
Matthias Miersch,SPD,16
Philipp Mißfelder,CDU,16
Kornelia Möller,DIE LINKE.,16
Eva Möllring,CDU,16
Jan Mücke,FDP,16
Marko Mühlstein,SPD,16
Carsten Müller,CDU,16
Detlef Müller,SPD,16
Peter Müller,CDU,16
Burkhardt Müller-Sönksen,FDP,16
Wolfgang Neskovic,Plos,16
Thomas Oppermann,SPD,16
Henning Otte,CDU,16
Norman Paech,DIE LINKE.,16
Brigitte Pothmer,GRÜNE,16
Bodo Ramelow,DIE LINKE.,16
Eckhardt Rehberg,CDU,16
Steffen Reiche,SPD,16
Maik Reichel,SPD,16
Elke Reinke,DIE LINKE.,16
Sönke Rix,SPD,16
Jörg Rohde,FDP,16
Johannes Röring,CDU,16
Paul Schäfer,DIE LINKE.,16
Frank Schäffler,FDP,16
Elisabeth Scharfenberg,GRÜNE,16
Annette Schavan,CDU,16
Gerhard Schick,GRÜNE,16
Marianne Schieder,SPD,16
Karl Schiewerling,CDU,16
Konrad Schily,FDP,16
Ingo Schmitt,CDU,16
Volker Schneider,DIE LINKE.,16
Herbert Schui,DIE LINKE.,16
Marina Schuster,FDP,16
Frank Schwabe,SPD,16
Rita Schwarzelühr-Sutter,SPD,16
Petra Sitte,DIE LINKE.,16
Frank Spieth,DIE LINKE.,16
Andreas Steppuhn,SPD,16
Edmund Stoiber,CSU,16
Rainer Tabillion,SPD,16
Kirsten Tackmann,DIE LINKE.,16
Harald Terpe,GRÜNE,16
Jörn Thießen,SPD,16
Florian Toncar,FDP,16
Axel Troost,DIE LINKE.,16
Alexander Ulrich,BSW,16
Christoph Waitz,FDP,16
Kai Wegner,CDU,16
Karl-Georg Wellmann,CDU,16
Wolfgang Wieland,GRÜNE,16
Gert Winkelmeier,DIE LINKE.,16
Elisabeth Winkelmeier-Becker,CDU,16
Hartfrid Wolff,FDP,16
Jörn Wunderlich,DIE LINKE.,16
Martin Zeil,FDP,16
Sabine Zimmermann,DIE LINKE.,16
Brigitte Zypries,SPD,16
Christoph Pries,SPD,16
Clemens Bollen,SPD,16
Hermann-Josef Scharf,CDU,16
Omid Nouripour,GRÜNE,16
Hans Peter Thul,CDU,16
Nicole Maisch,GRÜNE,16
Dieter Steinecke,SPD,16
Stephan Eisel,CDU,16
Bettina Herlitzius,GRÜNE,16
Wolfgang Strengmann-Kuhn,GRÜNE,16
Manuel Sarrazin,GRÜNE,16
Christian Hirte,CDU,16
Thomas Mahlberg,CDU,16
Daniel Volk,FDP,16
Erwin Lotter,FDP,16
Steffen Hultsch,DIE LINKE.,16
Frank Tempel,DIE LINKE.,16
Patrick Kurth,FDP,16
Hermann Otto Solms,FDP,15
Dirk Manzewski,SPD,15
Lale Akgün,SPD,15
Kerstin Andreae,GRÜNE,15
Sabine Bätzing,SPD,15
Daniel Bahr,FDP,15
Sören Bartol,SPD,15
Ernst-Reinhard Beck,CDU,15
Uwe Beckmeyer,SPD,15
Barbara Lanzinger,CSU,15
Cornelia Behm,GRÜNE,15
Veronika Bellmann,CDU,15
Birgitt Bender,GRÜNE,15
Klaus Uwe Benneter,SPD,15
Ute Berg,SPD,15
Christoph Bergner,CDU,15
Rolf Bietmann,CDU,15
Clemens Binninger,CDU,15
Gerd Bollmann,SPD,15
Alexander Bonde,GRÜNE,15
Helge Braun,CDU,15
Monika Brüning,CDU,15
Marco Bülow,Die PARTEI,15
Verena Butalikakis,CDU,15
Gitta Connemann,CDU,15
Helga Daub,FDP,15
Alexander Dobrindt,CSU,15
Martin Dörmann,SPD,15
Vera Dominke,CDU,15
Jutta Dümpe-Krüger,GRÜNE,15
Christian Eberl,FDP,15
Siegmund Ehrmann,SPD,15
Hans Eichel,SPD,15
Karin Evers-Meyer,SPD,15
Georg Fahrenschon,CSU,15
Enak Ferlemann,CDU,15
Hartwig Fischer,CDU,15
Maria Flachsbarth,CDU,15
Klaus-Peter Flosbach,CDU,15
Gabriele Frechen,SPD,15
Otto Fricke,FDP,15
Michael Fuchs,CDU,15
Peter Gauweiler,CSU,15
Roland Gewalt,CDU,15
Eberhard Gienger,CDU,15
Ralf Göbel,CDU,15
Tanja Gönner,CDU,15
Josef Göppel,CSU,15
Ute Granold,CDU,15
Reinhard Grindel,CDU,15
Gabriele Groneberg,SPD,15
Michael Grosse-Brömer,CDU,15
Karl-Theodor Guttenberg,CSU,15
Olav Gutting,CDU,15
Bettina Hagedorn,SPD,15
Holger Haibach,CDU,15
Anja Hajduk,GRÜNE,15
Christoph Hartmann,FDP,15
Michael Hartmann,SPD,15
Uda Heller,CDU,15
Michael Hennrich,CDU,15
Jürgen Herrmann,CDU,15
Petra Heß,SPD,15
Peter Hettlich,GRÜNE,15
Bernd Heynemann,CDU,15
Gabriele Hiller-Ohm,SPD,15
Robert Hochbaum,CDU,15
Thilo Hoppe,GRÜNE,15
Klaas Hübner,SPD,15
Peter Jahr,CDU,15
Klaus Werner Jonas,SPD,15
Bernhard Kaster,CDU,15
Siegfried Kauder,CDU,15
Gerlinde Kaupa,CSU,15
Jürgen Klimke,CDU,15
Julia Klöckner,CDU,15
Astrid Klug,SPD,15
Heinz Köhler,SPD,15
Kristina Köhler,CDU,15
Rolf Kramer,SPD,15
Ernst Kranz,SPD,15
Michael Kretschmer,CDU,15
Günter Krings,CDU,15
Hans-Ulrich Krüger,SPD,15
Renate Künast,GRÜNE,15
Markus Kurth,GRÜNE,15
Undine Kurth,GRÜNE,15
Sibylle Laurischk,FDP,15
Harald Leibrecht,FDP,15
Patricia Lips,CDU,15
Markus Löning,FDP,15
Gesine Lötzsch,DIE LINKE.,15
Anna Lührmann,GRÜNE,15
Dorothee Mantel,CSU,15
Caren Marks,SPD,15
Hilde Mattheis,SPD,15
Stephan Mayer,CSU,15
Conny Mayer,CDU,15
Petra Merkel,SPD,15
Doris Meyer,CSU,15
Klaus Minkel,CDU,15
Jerzy Montag,GRÜNE,15
Marlene Mortler,CSU,15
Stefan Müller,CSU,15
Hildegard Müller,CDU,15
Rolf Mützenich,SPD,15
Gesine Multhaupt,SPD,15
Henry Nitzsche,Plos,15
Georg Nüßlein,Plos,15
Erika Ober,SPD,15
Friedrich Ostendorff,GRÜNE,15
Eberhard Otto,FDP,15
Heinz Paula,SPD,15
Rita Pawelski,CDU,15
Joachim Pfeiffer,CDU,15
Sibylle Pfeiffer,CDU,15
Andreas Pinkwart,FDP,15
Wilhelm Priesmeier,SPD,15
Florian Pronold,SPD,15
Daniela Raab,CSU,15
Sascha Raabe,SPD,15
Gerold Reichenbach,SPD,15
Walter Riester,SPD,15
Hannelore Roedel,CSU,15
Karin Roth,SPD,15
Ortwin Runde,SPD,15
Albert Rupprecht,CSU,15
Peter Rzepka,CDU,15
Krista Sager,GRÜNE,15
Anton Schaaf,SPD,15
Axel Schäfer,SPD,15
Andreas Scheuer,CSU,15
Georg Schirmbeck,CDU,15
Wilfried Schreck,SPD,15
Ole Schröder,CDU,15
Bernhard Schulte-Drüggelte,CDU,15
Swen Schulz,SPD,15
Uwe Schummer,CDU,15
Martin Schwanholz,SPD,15
Kurt Segner,CDU,15
Matthias Sehling,CSU,15
Petra Selg,GRÜNE,15
Thomas Silberhorn,CSU,15
Ursula Sowa,GRÜNE,15
Jens Spahn,CDU,15
Christian Stetten,CDU,15
Rainer Stinner,FDP,15
Melanie Oßwald,CSU,15
Silke Stokar von Neuforn,GRÜNE,15
Gero Storjohann,CDU,15
Christoph Strässer,SPD,15
Michaela Tadjadod,CDU,15
Antje Tillmann,CDU,15
Marianne Tritz,GRÜNE,15
Hans-Jürgen Uhl,SPD,15
Hubert Ulrich,GRÜNE,15
Volkmar Uwe Vogel,CDU,15
Antje Vogel-Sperl,GRÜNE,15
Jörg Vogelsänger,SPD,15
Marlies Volkmer,SPD,15
Gerhard Wächter,CDU,15
Marco Wanderwitz,CDU,15
Andreas Weigel,SPD,15
Petra Weis,SPD,15
Ingo Wellenreuther,CDU,15
Andrea Wicklein,SPD,15
Josef Philip Winkler,GRÜNE,15
Claudia Winterstein,FDP,15
Ingo Wolf,FDP,15
Manfred Zöllmer,SPD,15
Willi Zylajew,CDU,15
Gisela Piltz,FDP,15
Christel Happach-Kasan,FDP,15
Angelika Brunkhorst,FDP,15
Michael Kauch,FDP,15
Lena Strothmann,CDU,15
Volker Wissing,FDP,15
Elvira Drobinski-Weiß,SPD,15
Artur Auernhammer,CSU,15
Angela Schmid,CDU,15
Hellmut Königshaus,FDP,15
Bärbel Kofler,SPD,15
Martina Eickhoff,SPD,15
Jutta Krüger-Jacob,GRÜNE,15
Karl Addicks,FDP,15
Monika Lazar,GRÜNE,15
Lars Klingbeil,SPD,15
Carl-Eduard Bismarck,CDU,15
Roland Dieckmann,CDU,15
Michael Terwiesche,FDP,15
Helmut Brandt,CDU,15
Petra Bläss-Rafajlovski,PDS,14
Rainer Jork,CDU,14
Markus Meckel,SPD,14
Kerstin Müller,GRÜNE,14
Ilse Aigner,CSU,14
Monika Balt,PDS,14
Hans-Peter Bartels,SPD,14
Eckhardt Barthel,SPD,14
Norbert Barthle,CDU,14
Dietmar Bartsch,DIE LINKE.,14
Günter Baumann,CDU,14
Axel Berg,SPD,14
Otto Bernhardt,CDU,14
Petra Bierwirth,SPD,14
Lothar Binding,SPD,14
Kurt Bodewig,SPD,14
Sylvia Bonitz,CDU,14
Klaus Brandner,SPD,14
Willi Brase,SPD,14
Ralf Brauksiepe,CDU,14
Rainer Brinkmann,SPD,14
Bernhard Brinkmann,SPD,14
Hans-Günter Bruckmann,SPD,14
Rainer Brüderle,FDP,14
Ernst Burgbacher,FDP,14
Cajus Julius Caesar,CDU,14
Peter Danckert,SPD,14
Leo Dautzenberg,CDU,14
Ekin Deligöz,GRÜNE,14
Thomas Dörflinger,CDU,14
Marie-Luise Dött,CDU,14
Thea Dückert,GRÜNE,14
Detlef Dzembritzki,SPD,14
Dieter Dzewas,SPD,14
Sebastian Edathy,SPD,14
Heidemarie Ehlert,PDS,14
Marga Elser,SPD,14
Hans Georg Faust,CDU,14
Hans-Josef Fell,GRÜNE,14
Heinrich Fink,PDS,14
Ingrid Fischbach,CDU,14
Axel E. Fischer,CDU,14
Ulrike Flach,FDP,14
Rainer Fornahl,SPD,14
Hans Forster,SPD,14
Peter Friedrich,SPD,14
Lilo Friedrich,SPD,14
Hans-Peter Friedrich,CSU,14
Harald Friese,SPD,14
Jochen-Konrad Fromme,CDU,14
Fred Gebhardt,PDS,14
Jürgen Gehb,CDU,14
Wolfgang Gehrcke,DIE LINKE.,14
Georg Girisch,CSU,14
Katrin Dagmar Göring-Eckardt,GRÜNE,14
Hans-Michael Goldmann,FDP,14
Renate Gradistanac,SPD,14
Klaus Grehn,PDS,14
Monika Griefahn,SPD,14
Wolfgang Grotthaus,SPD,14
Anke Hartnagel,SPD,14
Nina Hauer,SPD,14
Klaus Haupt,FDP,14
Norbert Hauser,CDU,14
Hubertus Heil,SPD,14
Ursula Heinen,CDU,14
Siegfried Helias,CDU,14
Frank Hempel,SPD,14
Hans Jochen Henke,CDU,14
Winfried Hermann,GRÜNE,14
Gustav Herzog,SPD,14
Klaus Hofbauer,CSU,14
Walter Hoffmann,SPD,14
Iris Hoffmann,SPD,14
Martin Hohmann,AfD,14
Klaus Holetschek,CSU,14
Carsten Hübner,PDS,14
Christel Humme,SPD,14
Sabine Jünger,PDS,14
Johannes Kahrs,SPD,14
Ulrich Kasparick,SPD,14
Evelyn Kenzler,PDS,14
Gudrun Kopp,FDP,14
Karin Kortmann,SPD,14
Anette Kramme,SPD,14
Martina Krogmann,CDU,14
Angelika Krüger-Leißner,SPD,14
Ernst Küchler,SPD,14
Ute Kumpf,SPD,14
Christine Lambrecht,SPD,14
Christian Lange,SPD,14
Christine Lehder,SPD,14
Ina Lenke,FDP,14
Eckhart Lewering,SPD,14
Ursula Lietz,CDU,14
Heidi Lippmann-Kasten,PDS,14
Ursula Lötzer,DIE LINKE.,14
Götz-Peter Lohmann,SPD,14
Reinhard Loske,GRÜNE,14
Tobias Marhold,SPD,14
Lothar Mark,SPD,14
Angela Marquardt,PDS,14
Ulrike Merten,SPD,14
Christoph Moosbauer,SPD,14
Bernward Müller,CDU,14
Klaus Wolfgang Müller,GRÜNE,14
Andrea Nahles,SPD,14
Kersten Naumann,DIE LINKE.,14
Dirk Niebel,FDP,14
Dietmar Nietan,SPD,14
Günter Nooke,CDU,14
Franz Obermeier,CSU,14
Eckhard Ohl,SPD,14
Holger Ortel,SPD,14
Petra Pau,DIE LINKE.,14
Johannes Pflug,SPD,14
Cornelia Pieper,FDP,14
Katherina Reiche,CDU,14
René Röspel,SPD,14
Ernst Dieter Rossmann,SPD,14
Claudia Roth,GRÜNE,14
Michael Roth,SPD,14
Birgit Roth,SPD,14
Thomas Sauer,SPD,14
Anita Schäfer,CDU,14
Silvia Schmidt,SPD,14
Carsten Schneider,SPD,14
Karsten Schönfeld,SPD,14
Fritz Schösser,SPD,14
Olaf Scholz,SPD,14
Gustav-Adolf Schur,PDS,14
Ewald Schurer,SPD,14
Werner Siemann,CDU,14
Christian Simmert,GRÜNE,14
Margrit Spielmann,SPD,14
Ditmar Staffelt,SPD,14
Rolf Stöckel,SPD,14
Dorothea Störr-Ritter,CDU,14
Rita Streb-Hesse,SPD,14
Thomas Strobl,CDU,14
Joachim Stünker,SPD,14
Edeltraut Töpfer,CDU,14
Jürgen Trittin,GRÜNE,14
Hans-Peter Uhl,CSU,14
Arnold Vaatz,CDU,14
Rüdiger Veit,SPD,14
Simone Violka,SPD,14
Angelika Volquartz,CDU,14
Sylvia Voß,GRÜNE,14
Andrea Astrid Voßhoff,CDU,14
Hedi Wegener,SPD,14
Peter Weiß,CDU,14
Gerald Weiß,CDU,14
Ernst Ulrich Weizsäcker,SPD,14
Rainer Wend,SPD,14
Annette Widmann-Mauz,CDU,14
Jürgen Wieczorek,SPD,14
Heino Wiese,SPD,14
Klaus Wiesehügel,SPD,14
Klaus-Peter Willsch,CDU,14
Brigitte Wimmer,SPD,14
Engelbert Wistuba,SPD,14
Barbara Wittig,SPD,14
Werner Wittlich,CDU,14
Aribert Wolf,CSU,14
Waltraud Wolff,SPD,14
Gudrun Roos,SPD,14
Ingrid Arndt-Brauer,SPD,14
Reinhold Strobl,SPD,14
Albrecht Feibel,CDU,14
Carola Reimann,SPD,14
Grietje Bettin,GRÜNE,14
Kerstin Griese,SPD,14
Pia Maier,PDS,14
Ulrich Kelber,SPD,14
Frank Schmidt (Weilburg),SPD,14
Antje Blumenthal,CDU,14
Gabriele Lösekrug-Möller,SPD,14
Bärbel Grygier,PDS,14
Gudrun Serowiecki,FDP,14
Dieter Wiefelspütz,SPD,13
Peter Altmaier,CDU,13
Gisela Altmann,GRÜNE,13
Elisabeth Altmann,GRÜNE,13
Ernst Bahr,SPD,13
Doris Barnett,SPD,13
Klaus Barthel,SPD,13
Franz-Peter Basten,CDU,13
Volker Beck,GRÜNE,13
Wolfgang Behrendt,SPD,13
Matthias Berninger,GRÜNE,13
Hans-Werner Bertl,SPD,13
Wolfgang Bierstedt,PDS,13
Maritta Böttcher,PDS,13
Wolfgang Bosbach,CDU,13
Rudolf Braun,CDU,13
Hildebrecht Braun,FDP,13
Tilo Braune,SPD,13
Eva-Maria Bulling-Schröter,DIE LINKE.,13
Annelie Buntenbach,GRÜNE,13
Christel Deichmann,SPD,13
Hubert Deittert,CDU,13
Amke Dietert-Scheuer,GRÜNE,13
Wilhelm Dietzel,CDU,13
Peter Dreßen,SPD,13
Franziska Eichstädt-Bohlig,GRÜNE,13
Heinrich Einsiedel,PDS,13
Ludwig Elm,PDS,13
Peter Enders,SPD,13
Petra Ernstberger,SPD,13
Heinz-Dieter Eßmann,CDU,13
Ulf Fink,CDU,13
Andrea Fischer,GRÜNE,13
Gabriele Fograscher,SPD,13
Iris Follak,SPD,13
Dagmar Freitag,SPD,13
Gisela Frick,FDP,13
Wolfgang Gerhardt,FDP,13
Günter Gloser,SPD,13
Wilma Glücklich,CDU,13
Angelika Graf,SPD,13
Dieter Grasedieck,SPD,13
Rita Grießhaber,GRÜNE,13
Kurt-Dieter Grill,CDU,13
Hermann Gröhe,CDU,13
Manfred Grund,CDU,13
Klaus Hagemann,SPD,13
Alfred Hartenbach,SPD,13
Reinhold Hemker,SPD,13
Rolf Hempelmann,SPD,13
Barbara Hendricks,SPD,13
Antje Hermenau,GRÜNE,13
Monika Heubaum,SPD,13
Stefan Heym,Plos,13
Kristin Heyne,GRÜNE,13
Uwe Hiksch,PDS,13
Walter Hirche,FDP,13
Gerd Höfer,SPD,13
Ulrike Höfken-Deipenbrock,GRÜNE,13
Jelena Hoffmann,SPD,13
Frank Hofmann,SPD,13
Ingrid Holzhüter,SPD,13
Eike Hovermann,SPD,13
Michaele Hustedt,GRÜNE,13
Wolfgang Ilte,SPD,13
Barbara Imhof,SPD,13
Brunhilde Irber,SPD,13
Willibald Jacob,PDS,13
Peter Jacoby,CDU,13
Jann-Peter Janssen,SPD,13
Helmut Jawurek,CSU,13
Gerhard Jüttemann,PDS,13
Manfred Kanther,CDU,13
Sabine Kaspereit,SPD,13
Klaus Kinkel,FDP,13
Manuel Kiper,GRÜNE,13
Eckart Klaeden,CDU,13
Bernd Klaußner,CDU,13
Heidi Knake-Werner,PDS,13
Monika Knoche,DIE LINKE.,13
Rolf Köhne,PDS,13
Norbert Königshofen,CDU,13
Angelika Köster-Loßack,GRÜNE,13
Andreas Krautscheid,CDU,13
Nicolette Kressl,SPD,13
Volker Kröning,SPD,13
Thomas Krüger,SPD,13
Hermann Kues,CDU,13
Werner Kuhn,CDU,13
Konrad Kunick,SPD,13
Christine Kurzhals,SPD,13
Rolf Kutzmutz,PDS,13
Werner Labsch,SPD,13
Oskar Lafontaine,DIE LINKE.,13
Karl A. Lamers,CDU,13
Heinz Lanfermann,FDP,13
Armin Laschet,CDU,13
Waltraud Lehn,SPD,13
Steffi Lemke,GRÜNE,13
Werner Lensing,CDU,13
Peter Letzgus,CDU,13
Erika Lotz,SPD,13
Heidemarie Lüth,PDS,13
Christa Luft,PDS,13
Günther Maleuda,PDS,13
Winfried Mante,SPD,13
Michael Meister,CDU,13
Angelika Mertens,SPD,13
Friedrich Merz,CDU,13
Oswald Metzger,GRÜNE,13
Rudolf Meyer,CDU,13
Hans Michelbach,CSU,13
Ursula Mogg,SPD,13
Manfred Müller,PDS,13
Gerd Müller,CSU,13
Winfried Nachtwei,GRÜNE,13
Rosel Neuhäuser,PDS,13
Kurt Neumann,SPD,13
Cem Özdemir,GRÜNE,13
Leyla Onur,SPD,13
Albrecht Papenroth,SPD,13
Georg Pfannenstein,SPD,13
Beatrix Philipp,CDU,13
Ruprecht Polenz,CDU,13
Marlies Pretzlaff,CDU,13
Simone Probst,GRÜNE,13
Thomas Rachel,CDU,13
Helmut Rauber,CDU,13
Karin Rehbock-Zureich,SPD,13
Christa Reichard,CDU,13
Klaus Dieter Reichardt,CDU,13
Günter Rexrodt,FDP,13
Roland Richter,CDU,13
Roland Richwien,CDU,13
Reinhold Robbe,SPD,13
Jürgen Rochlitz,GRÜNE,13
Uwe-Jens Rössel,PDS,13
Norbert Röttgen,CDU,13
Heinrich-Wilhelm Ronsöhr,CDU,13
Gerhard Rübenkönig,SPD,13
Hansjörg Schäfer,SPD,13
Rudolf Scharping,SPD,13
Hartmut Schauerte,CDU,13
Christine Scheel,GRÜNE,13
Bernd Scheelen,SPD,13
Karl-Heinz Scherhag,CDU,13
Irmingard Schewe-Gerigk,GRÜNE,13
Horst Schild,SPD,13
Norbert Schindler,CDU,13
Rezzo Schlauch,GRÜNE,13
Dietmar Schlee,CDU,13
Albert Schmidt,GRÜNE,13
Dagmar Schmidt,SPD,13
Edzard Schmidt-Jortzig,FDP,13
Hans-Otto Schmiedeberg,CDU,13
Heinz Schmitt,SPD,13
Wolfgang Schmitt,GRÜNE,13
Birgit Schnieber-Jastram,CDU,13
Ursula Schönberger,GRÜNE,13
Mathias Schubert,SPD,13
Erika Schuchardt,CDU,13
Diethard Schütze,CDU,13
Richard Schuhmann,SPD,13
Reinhard Schultz,SPD,13
Volkmar Schultz,SPD,13
Frederick Schulze,CDU,13
Ilse Schumann,SPD,13
Angelica Schwall-Düren,SPD,13
Wilhelm Josef Sebastian,CDU,13
Heinz Seiffert,CDU,13
Johannes Selle,CDU,13
Bernd Siebert,CDU,13
Johannes Singhammer,CSU,13
Margarete Späte,CDU,13
Wolfgang Spanier,SPD,13
Jörg-Otto Spiller,SPD,13
Max Stadler,FDP,13
Rainder Steenblock,GRÜNE,13
Wolfgang Steiger,CDU,13
Marina Steindor,GRÜNE,13
Christian Sterzing,GRÜNE,13
Andreas Storm,CDU,13
Max Straubinger,CSU,13
Jörg Tauss,Plos,13
Bodo Teichmann,SPD,13
Michael Teiser,CDU,13
Jella Teuchner,SPD,13
Dietmar Thieser,SPD,13
Franz Thönnes,SPD,13
Susanne Tiemann,CDU,13
Steffen Tippach,PDS,13
Gottfried Tröger,CDU,13
Adelheid Tröscher,SPD,13
Ute Vogt,SPD,13
Klaus-Jürgen Warnick,PDS,13
Helmut Wilhelm,GRÜNE,13
Hans-Otto Wilhelm,CDU,13
Gert Willner,CDU,13
Wolfgang Wodarg,SPD,13
Dagmar G. Wöhrl,CSU,13
Winfried Wolf,PDS,13
Margareta Wolf-Mayer,GRÜNE,13
Heidemarie Wright,SPD,13
Gerhard Zwerenz,PDS,13
Hanns-Peter Hartmann,PDS,13
Matthäus Strebl,CSU,13
Uwe Göllner,SPD,13
Guido Westerwelle,FDP,13
Helmut Heiderich,CDU,13
Egbert Nitsch,GRÜNE,13
Marlene Rupprecht,SPD,13
Detlef Helling,CDU,13
Helga Kühn-Mengel,SPD,13
Marion Seib,CSU,13
Michael Bürsch,SPD,13
Elke Holzapfel,CDU,13
Eva Folta,SPD,13
Annegret Kramp-Karrenbauer,CDU,13
Jens Heinzig,SPD,13
Gerhard Bauer,SPD,13
Ulrich Adam,CDU,12
Ina Albowitz,FDP,12
Peter Alltschekow,SPD,12
Walter Altherr,CDU,12
Jürgen Augustinowitz,CDU,12
Gisela Babel,FDP,12
Heinz-Günter Bargfrede,CDU,12
Holger Bartsch,SPD,12
Brigitte Baumeister,CDU,12
Meinrad Belle,CDU,12
Hans Berger,SPD,12
Walter Bersch,SPD,12
Friedhelm Julius Beucher,SPD,12
Hans-Dirk Bierling,CDU,12
Renate Blank,CSU,12
Peter Bleser,CDU,12
Michaela Blunk,FDP,12
Thea Bock,SPD,12
Jutta Braband,PDS/LL,12
Klaus Brähmig,CDU,12
Anni Brandt-Elsweier,SPD,12
Eberhard Brecht,SPD,12
Georg Brunnhuber,CDU,12
Hans Büttner,SPD,12
Hartmut Büttner,CDU,12
Ulla Burchardt,SPD,12
Hans Martin Bury,SPD,12
Dankward Buwitt,CDU,12
Marion Caspers-Merk,SPD,12
Jörg-Diether Dehm-Desoi,DIE LINKE.,12
Albert Deß,CSU,12
Renate Diemers,CDU,12
Hubert Doppmeier,CDU,12
Eike Ebert,SPD,12
Peter Eckardt,SPD,12
Ludwig Eich,SPD,12
Maria Eichhorn,CSU,12
Wolfgang Engelmann,CDU,12
Rainer Eppelmann,CDU,12
Wolfgang Erler,CDU,12
Jörg Essen,FDP,12
Anke Eymer,CDU,12
Ilse Falk,CDU,12
Klaus-Dieter Feige,GRÜNE,12
Elke Ferner,SPD,12
Evelin Fischer,SPD,12
Winfried Fockenberg,CDU,12
Norbert Formanski,SPD,12
Herbert Frankenhauser,CSU,12
Paul K. Friedhoff,FDP,12
Horst Friedrich,FDP,12
Erich G. Fritz,CDU,12
Arne Fuhrmann,SPD,12
Margret Funke-Schmitt-Rink,FDP,12
Jörg Wolfgang Ganschow,FDP,12
Sissy Geiger,CDU,12
Horst Gibtner,CDU,12
Iris Gleicke,SPD,12
Peter Götz,CDU,12
Joachim Gres,CDU,12
Elisabeth Grochtmann,CDU,12
Claus-Peter Grotz,CDU,12
Joachim Günther,FDP,12
Karlheinz Guttmacher,FDP,12
Michael Habermann,SPD,12
Heinz Dieter Hackel,FDP,12
Manfred Hampel,SPD,12
Lothar Handschack,CDU,12
Christel Hanewinckel,SPD,12
Dirk Hansen,FDP,12
Hansgeorg Hauser,CSU,12
Manfred Heise,CDU,12
Bernd Henn,PDS/LL,12
Norbert Herr,CDU,12
Maria Anna Hiebing,CDU,12
Peter Hintze,CDU,12
Barbara Höll,DIE LINKE.,12
Heinz-Adolf Hörsken,CDU,12
Josef Hollerith,CSU,12
Birgit Homburger,FDP,12
Sigrid Hoth,FDP,12
Heinz Werner Hübner,FDP,12
Hubert Hüppe,CDU,12
Gabriele Iwersen,SPD,12
Renate Jäger,SPD,12
Georg Janovsky,CDU,12
Ilse Janz,SPD,12
Ulrich Janzen,SPD,12
Ulla Jelpke,DIE LINKE.,12
Karin Jeltsch,CDU,12
Jens Jordan,FDP,12
Egon Jüttner,CDU,12
Ulrich Junghanns,CDU,12
Harald Kahl,CDU,12
Steffen Kampeter,CDU,12
Volker Kauder,CDU,12
Hans-Peter Kemper,SPD,12
Marianne Klappert,SPD,12
Günter Klein,CDU,12
Siegrun Klemmer,SPD,12
Hans-Hinrich Knaape,SPD,12
Ingrid Köppe,GRÜNE,12
Fritz Rudolf Körper,SPD,12
Heinrich L. Kolb,FDP,12
Manfred Kolbe,CDU,12
Regina Kolbe,SPD,12
Jürgen Koppelin,FDP,12
Eva-Maria Kors,CDU,12
Hartmut Koschyk,CSU,12
Rudolf Karl Krause,CDU,12
Arnulf Kriedner,CDU,12
Heinz-Jürgen Kronberg,CDU,12
Reiner Krziskewitz,CDU,12
Horst Kubatschka,SPD,12
Wolfgang Kubicki,FDP,12
Uwe Küster,SPD,12
Helmut Lamp,CDU,12
Brigitte Lange,SPD,12
Detlev Larcher,SPD,12
Karl-Josef Laumann,CDU,12
Andrea Lederer,PDS,12
Klaus-Heiner Lehne,CDU,12
Ursula Maria Lehr,CDU,12
Sabine Leutheusser-Schnarrenberger,FDP,12
Immo Lieberoth,CDU,12
Manfred Lischewski,CDU,12
Christa Lörcher,SPD,12
Uwe-Bernd Lühr,FDP,12
Dieter Maaß,SPD,12
Claire Marienfeld-Czesla,CDU,12
Günter Marten,CDU,12
Dorle Marx,SPD,12
Ulrike Mascher,SPD,12
Christoph Matschie,SPD,12
Dietmar Matterne,SPD,12
Heide Mattischeck,SPD,12
Martin Mayer,CSU,12
Wolfgang Meckelburg,CDU,12
Ulrike Mehl,SPD,12
Rudolf Meinl,CDU,12
Bruno Menzel,FDP,12
Angela Merkel,CDU,12
Hedda Meseke,CDU,12
Jürgen Meyer,SPD,12
Klaus Mildner,CDU,12
Thomas Molnar,CDU,12
Siegmar Mosdorf,SPD,12
Christian Müller,SPD,12
Elmar Müller,CDU,12
Jutta Müller,SPD,12
Gerhard Neumann,SPD,12
Erhard Niedenthal,CDU,12
Heike Niggemeyer,SPD,12
Friedhelm Ost,CDU,12
Adolf Ostertag,SPD,12
Hans-Joachim Otto,FDP,12
Helga Otto,SPD,12
Norbert Otto,CDU,12
Gerhard Päselt,CDU,12
Kurt Palis,SPD,12
Detlef Parr,FDP,12
Peter Paziorek,CDU,12
Lisa Peters,FDP,12
Ulrich Petzold,CDU,12
Martin Pfaff,SPD,12
Friedbert Pflüger,CDU,12
Ingeborg Philipp,PDS,12
Ronald Pofalla,CDU,12
Eva Pohl,FDP,12
Hermann Pohler,CDU,12
Gerd Poppe,GRÜNE,12
Bernd Protzner,CSU,12
Dieter Pützhofen,CDU,12
Susanne Rahardt-Vahldieck,CDU,12
Hans Raidel,CSU,12
Peter Ramsauer,CSU,12
Bertold Reinartz,CDU,12
Erika Reinhardt,CDU,12
Walter Rempe,SPD,12
Margot Renesse,SPD,12
Renate Rennebach,SPD,12
Norbert Rieder,CDU,12
Klaus Riegert,CDU,12
Werner Ringkamp,CDU,12
Klaus Röhl,FDP,12
Franz Romer,CDU,12
Christian Ruck,CSU,12
Gudrun Schaich-Walch,SPD,12
Siegfried Scheffler,SPD,12
Manfred Schell,CDU,12
Christina Schenk,PDS,12
Dieter Schloten,SPD,12
Ulrich Schmalz,CDU,12
Cornelia Schmalz-Jacobsen,FDP,12
Horst Schmidbauer,SPD,12
Andreas Schmidt,CDU,12
Arno Schmidt,FDP,12
Christian Schmidt,CSU,12
Joachim Schmidt,CDU,12
Ulla Schmidt,SPD,12
Regina Schmidt-Zadel,SPD,12
Jürgen Schmieder,FDP,12
Christoph Schnittler,FDP,12
Andreas Schockenhoff,CDU,12
Walter Schöler,SPD,12
Joachim Schönburg-Glauchau,CDU,12
Rupert Scholz,CDU,12
Harald Schreiber,CDU,12
Gisela Schröter,SPD,12
Karl Heinz Schröter,SPD,12
Gerhard Schulz,CDU,12
Hans Paul Hermann Schuster,FDP,12
R. Werner Schuster,SPD,12
Ernst Schwanhold,SPD,12
Stefan Schwarz,CDU,12
Marita Sehn,FDP,12
Wilfried Seibel,CDU,12
Sigrid Semper,FDP,12
Jürgen Sikora,CDU,12
Erika Simm,SPD,12
Werner H. Skowron,CDU,12
Hans-Joachim Sopart,CDU,12
Bärbel Sothmann,CDU,12
Angela Stachowa,PDS/LL,12
Jürgen Starnick,FDP,12
Antje-Marie Steen,SPD,12
Wolfgang Stetten,CDU,12
Michael Stübgen,CDU,12
Dorothea Szwed,CDU,12
Joachim Tappe,SPD,12
Cornelia Christiane Teichman,FDP,12
Gerald Thalheim,SPD,12
Carl-Ludwig Thiele,FDP,12
Uta Titze-Stecher,SPD,12
Klaus Töpfer,CDU,12
Jürgen Türk,FDP,12
Siegfried Vergin,SPD,12
Hans Georg Wagner,SPD,12
Ralf Walter,SPD,12
Matthias Weisheit,SPD,12
Konrad Weiß,GRÜNE,12
Jochen Welt,SPD,12
Hildegard Wester,SPD,12
Lydia Westrich,SPD,12
Inge Wettig-Danielmeier,SPD,12
Margrit Wetzel,SPD,12
Gabriele Wiechatzek,CDU,12
Verena Wohlleben,SPD,12
Hanna Wolf,SPD,12
Bernhard Worms,CDU,12
Elke Wülfing,CDU,12
Cornelia Yzer,CDU,12
Uta Zapf,SPD,12
Wolfgang Zöller,CSU,12
Christoph Zöpel,SPD,12
Burkhard Zurheide,FDP,12
Maria Böhmer,CDU,12
Elke Leonhard-Schmid,SPD,12
Sigrun Löwisch,CDU,12
Herbert Meißner,SPD,12
Erika Steinbach-Hermann,Plos,12
Gerhard Schüßler,FDP,12
Else Ackermann,CDU,11
Brigitte Adler,SPD,11
Michael Albrecht,CDU,11
Andreas Amende,SPD,11
Gerd Andres,SPD,11
Dieter Annies,FDP,11
Angelika Barbe,SPD,11
Lothar Barthel,CDU,11
Harald Bauer,CDU,11
Wolf Bauer,CDU,11
Roland Becker,CDU,11
Ingrid Becker-Inglau,SPD,11
Angelika Beer,GRÜNE,11
Sabine Bergmann-Pohl,CDU,11
Marianne Birthler,GRÜNE,11
Ingrid Bittner,PDS,11
Ulrich Böhme,SPD,11
Wolfgang Börnsen,CDU,11
Frank Bogisch,SPD,11
Jürgen Bohn,FDP,11
Gerhard Botz,SPD,11
Hans-Jochim Brauer,GRÜNE,11
Ulrich Briefs,PDS/LL,11
Monika Brudlewsky,CDU,11
Edelgard Bulmahn,SPD,11
Margit Conrad,SPD,11
Klaus-Peter Creter,CDU,11
Wolfgang Daniels,GRÜNE,11
Wolfgang Dehnel,CDU,11
Marlies Deneke,PDS,11
Gerhard Dewitz,CDU,11
Karl Diller,SPD,11
Marliese Dobberthien,SPD,11
Ernst Dörfler,GRÜNE,11
Hans-Georg Dorendorf,CDU,11
Heidrun Dräger,SPD,11
Thomas Ebermann,GRÜNE,11
Wolfgang Ehlers,CDU,11
Tay Eich,GRÜNE,11
Konrad Elmer,SPD,11
Dagmar Enkelmann,DIE LINKE.,11
Gernot Erler,SPD,11
Sabine Fache,PDS,11
Konrad Felber,FDP,11
Karl H. Fell,CDU,11
Walter Fiedler,CDU,11
Michael Fischer,CDU,11
Ursula Fischer,PDS/LL,11
Dora Flinner,GRÜNE,11
Sigrid Folz-Steinacker,FDP,11
Michael Friedrich,PDS,11
Sieglinde Frieß,GRÜNE,11
Christina Fritsch,SPD,11
Ruth Fuchs,PDS,11
Hans-Joachim Fuchtel,CDU,11
Monika Ganseforth,SPD,11
Charlotte Garbe,GRÜNE,11
Joachim Gauck,GRÜNE,11
Fritz Gautier,SPD,11
Norbert Geis,CSU,11
Hans Geisler,CDU,11
Florian Gerster,SPD,11
Rose Götte,SPD,11
Martin Göttsching,CDU,11
Eberhard Goldhahn,CDU,11
Stefan Gottschall,CDU,11
Günter Graf,SPD,11
Ekkehard Gries,FDP,11
Gundolf Gries,CDU,11
Wolfgang Gröbl,CSU,11
Achim Großmann,SPD,11
Joachim Grünewald,CDU,11
Martin Gutzeit,SPD,11
Gregor Gysi,DIE LINKE.,11
Karl Hermann Haack,SPD,11
Hans-Joachim Hacker,SPD,11
Gerald Häfner,GRÜNE,11
Gerlinde Hämmerle,SPD,11
Gerd Jürgen Häuser,SPD,11
Klaus Harries,CDU,11
Gottfried Haschke,CDU,11
Jürgen Haschke,CDU,11
Udo Haschke,CDU,11
Klaus Hasenfratz,SPD,11
Gerda Hasselfeldt,CSU,11
Ulrich Heinrich,FDP,11
Frank Heltzig,SPD,11
Karitas Dagmar Hensel,GRÜNE,11
Uwe-Jens Heuer,PDS,11
Imma Hillerich,GRÜNE,11
Stephan Hilsberg,SPD,11
Walter Hitschler,FDP,11
Bertram Hönicke,CDU,11
Joachim Hörster,CDU,11
Joachim Holz,CDU,11
Werner Hoyer,FDP,11
Uwe Hüser,GRÜNE,11
Ulrich Irmer,FDP,11
Susanne Jaffke,CDU,11
Michael Jung,CDU,11
Bartholomäus Kalb,CSU,11
Manfred Kalz,SPD,11
Karl-August Kamilli,SPD,11
Franz-Hermann Kappes,CDU,11
Susanne Kastner,SPD,11
Sylvia-Yvonne Kaufmann,PDS,11
Dietmar Keller,PDS/LL,11
Norbert Kertscher,PDS,11
Jürgen Kleditzsch,CDU,11
Thomas Klein,PDS,11
Gerry Kley,FDP,11
Ulrich Klinkert,CDU,11
Wilhelm Knabe,GRÜNE,11
Dieter-Lebrecht Koch,CDU,11
Hans-Ulrich Köhler,CDU,11
Rolf Koltzsch,SPD,11
Hans Koschnick,SPD,11
Manfred Koslowski,CDU,11
Thomas Kossendey,CDU,11
Almut Kottwitz,GRÜNE,11
Günther Krause,CDU,11
Wolfgang Krause,CDU,11
Constanze Krehl,SPD,11
Matthias Kreuzeder,GRÜNE,11
Verena Krieger,GRÜNE,11
Paul Krüger,CDU,11
Hinrich Kuessner,SPD,11
Ursula Kugler,SPD,11
Katharina Landgraf,CDU,11
Sabine Landgraf,DSU,11
Conrad-Michael Lehment,FDP,11
Robert Leidinger,SPD,11
Michael Leja,CDU,11
Editha Limbach,CDU,11
Helmut Lippelt,GRÜNE,11
Christine Lucyga,SPD,11
Wolfgang Lüder,FDP,11
Heinrich Lummer,CDU,11
Dietrich Mahlo,CDU,11
Lothar Maizière,CDU,11
Dörte Martini zum Berge,CDU,11
Alfred Mechtersheimer,GRÜNE,11
German Meneses Vogl,GRÜNE,11
Heinz-Werner Meyer,SPD,11
Maria Michalk,CDU,11
Hans-Jürgen Misselwitz,SPD,11
Hans Modrow,PDS/LL,11
Luise Morgenstern,SPD,11
Marion Morgenstern,PDS,11
Albrecht Müller,SPD,11
Christian Neuling,CDU,11
Bernd Neumann,CDU,11
Edith Niehuis,SPD,11
Rolf Niese,SPD,11
Horst Niggemeier,SPD,11
Johannes Nitsch,CDU,11
Claudia Nolte,CDU,11
Günther Friedrich Nolting,FDP,11
Joachim Hubertus Nowack,CDU,11
Günter Oesinghaus,SPD,11
Jutta Oesterle-Schwerin,GRÜNE,11
Ellen Olms,GRÜNE,11
Manfred Opel,SPD,11
Rainer Ortleb,FDP,11
Christine Ostrowski,PDS,11
Eduard Oswald,CSU,11
Gisbert Paar,CDU,11
Uwe Patzig,CDU,11
Angelika Pfeiffer,CDU,11
Eckhart Pick,SPD,11
Matthias Platzeck,GRÜNE,11
Rosemarie Priebus,CDU,11
Rolf Rau,CDU,11
Klaus Rauber,CDU,11
Stefanie Rehm,CDU,11
Klaus Reichenbach,CDU,11
Edelbert Richter,SPD,11
Manfred Richter,FDP,11
Gerhard Riege,PDS/LL,11
Hermann Rind,FDP,11
Günter Rixe,SPD,11
Helga Brahmst-Rock,GRÜNE,11
Norbert Roske,GRÜNE,11
Gabriele Rost,CDU,11
Heinz Rother,CDU,11
Jürgen Rüttgers,CDU,11
Bärbel Rust,GRÜNE,11
Hannelore Saibold,GRÜNE,11
Ortrun Schätzle,CDU,11
Eberhard Scharf,CDU,11
Ernst Otto Volker Schemmel,SPD,11
Manfred Scherrer,SPD,11
Gertrud Schilling,GRÜNE,11
Christa Schmidt,CDU,11
Frank Schmidt,CDU,11
Marie-Luise Schmidt,GRÜNE,11
Thomas Schmidt,DSU,11
Trudi Schmidt,CDU,11
Wilhelm Schmidt,SPD,11
Regula Schmidt-Bott,GRÜNE,11
Joachim Schmiele,DSU,11
Reiner Schneider,CDU,11
Emil Schnell,SPD,11
Martina Schönebeck,PDS,11
Richard Schröder,SPD,11
Dietmar Schütz,SPD,11
Christian Friedrich Schultze,SPD,11
Werner Schulz,GRÜNE,11
Fritz Schumann,PDS/LL,11
Michael Schumann,PDS,11
Clemens Schwalbe,CDU,11
Rolf Schwanitz,SPD,11
Per-René Seeger,SPD,11
Bodo Seidenthal,SPD,11
Ilja Seifert,DIE LINKE.,11
Karl-Ernst Selke,CDU,11
Peter Sellin,GRÜNE,11
Lisa Seuster,SPD,11
Johannes Singer,SPD,11
Cornelie Sonntag-Wolgast,SPD,11
Wieland Sorge,SPD,11
Andreas Steiner,CSU,11
Klaus Steinitz,PDS,11
Volker Stephan,SPD,11
Ulrich Stockmann,SPD,11
Roswitha Stolfa,PDS,11
Manfred Such,GRÜNE,11
Rita Süssmuth,CDU,11
Ingeborg Tamm,CDU,11
Maria Luise Teubner,GRÜNE,11
Olaf Thees,CDU,11
Wolfgang Thierse,SPD,11
Dieter Thomae,FDP,11
Frank Tiesler,DSU,11
Willibald Toscher,CDU,11
Erika Trenz,GRÜNE,11
Hans-Jochen Tschiche,GRÜNE,11
Sabine Uecker,SPD,11
Klaus Dieter Uelhoff,CDU,11
Wolfgang Ullmann,GRÜNE,11
Dietmar-Richard Unger,CDU,11
Gertrud Unruh,GRÜNE,11
Christa Vennegerts,GRÜNE,11
Günter Verheugen,SPD,11
Bernd Voigtländer,SPD,11
Ruprecht Vondran,CDU,11
Heinz Wagner,CDU,11
Hansjoachim Walther,DSU,11
Ingrid Walz,FDP,11
Solveig Wegener,PDS,11
Konstanze Wegner,SPD,11
Wolfgang Weiermann,SPD,11
Barbara Weiler,SPD,11
Reinhard Weis,SPD,11
Michael Weiss,GRÜNE,11
Gunter Weißgerber,SPD,11
Gert Weisskirchen,SPD,11
Dietrich Wetzel,GRÜNE,11
Kersten Wetzel,CDU,11
Bertram Wieczorek,CDU,11
Heidemarie Wieczorek-Zeul,SPD,11
Heike Wilms-Kegel,GRÜNE,11
Berthold Wittich,SPD,11
Dieter Wöstenberg,FDP,11
Lieselotte Wollny,GRÜNE,11
Michael Wonneberger,CDU,11
Thomas Wüppesahl,GRÜNE,11
Uta Würfel,FDP,11
Wolfgang Zeitlmann,CSU,11
Hans Zimmermann,CDU,11
Klaus-Otto Zirkler,FDP,11
Georg Zschornack,FDP,11
Peter Zumkley,SPD,11
Annette Faße,SPD,11
Gerhard Friedrich,CSU,11
Vera Wollenberger,CDU,11
Anneliese Augustin,CDU,10
Hendrik Auhagen,GRÜNE,10
Hermann Bachmaier,SPD,10
Sabine Bard,GRÜNE,10
Gert Bastian,GRÜNE,10
Franz-Josef Berners,CDU,10
Joseph-Theodor Blank,CDU,10
Heribert Blens,CDU,10
Wilfried Bohlsen,CDU,10
Annemarie Borgmann,GRÜNE,10
Gerhard Brosi,SPD,10
Walter Buckpesch,SPD,10
Eberhard Bueb,GRÜNE,10
Dieter Burgmann,GRÜNE,10
Peter H. Carstensen,CDU,10
Hans Daniels,CDU,10
Heidemarie Dann,GRÜNE,10
Karl Delorme,SPD,10
Gertrud Dempwolf,CDU,10
Karl Deres,CDU,10
Dieter Drabiniok,GRÜNE,10
Wolfgang Ehmke,GRÜNE,10
Udo Ehrbar,CDU,10
Ursula Eid-Simon,GRÜNE,10
Horst Eylmann,CDU,10
Jochen Feilcke,CDU,10
Joseph Fischer,GRÜNE,10
Ulrich Fischer,GRÜNE,10
Horst Fritsch,GRÜNE,10
Katrin Fuchs,SPD,10
Reinhard Göhner,CDU,10
Wolfgang Götzer,CSU,10
Gabriele Gottwald,GRÜNE,10
Josef Grünbeck,FDP,10
Horst Haase,SPD,10
Carl-Detlev Hammerstein,CDU,10
Uwe Hansen,SPD,10
Ingomar Hauchler,SPD,10
Rainer Haungs,CDU,10
Otto Hauser,CDU,10
Klaus J. Hecker,GRÜNE,10
Klaus-Jürgen Hedrich,CDU,10
Constantin Heereman von Zuydtwyck,CDU,10
Gerhard Heimann,SPD,10
Dieter Heistermann,SPD,10
Ludwig Hettling,SPD,10
Erika Hickel,GRÜNE,10
Reinhold Hiller,SPD,10
Wolfgang Hinrichs,CDU,10
Hannegret Hönes,GRÜNE,10
Milan Horacek,GRÜNE,10
Siegfried Hornung,CDU,10
Willi Hoss,GRÜNE,10
Gert Jannsen,GRÜNE,10
Volker Jung,SPD,10
Dietmar Kansy,CDU,10
Ernst Kastning,SPD,10
Petra Karin Kelly,GRÜNE,10
Karl Kisslinger,SPD,10
Hubert Kleinert,GRÜNE,10
Hans-Ulrich Klose,SPD,10
Roland Kohn,FDP,10
Julius H. Krizsan,GRÜNE,10
Friedrich Kronenberg,CDU,10
Manfred Lahnstein,SPD,10
Torsten Lange,GRÜNE,10
Walter Link,CDU,10
Klaus W. Lippold,CDU,10
Klaus Lohmann,SPD,10
Wolfgang Lohmann,CDU,10
Norbert Mann,GRÜNE,10
Erwin Marschewski,CDU,10
Joachim Müller,GRÜNE,10
Michael Müller,SPD,10
Christa Nickels,GRÜNE,10
Doris Odendahl,SPD,10
Hans-Wilhelm Pesch,CDU,10
Albert Pfuhl,SPD,10
Ernst Josef Pöppl,CSU,10
Gabriele Potthast,GRÜNE,10
Fred Ranker,SPD,10
Jürgen Reents,GRÜNE,10
Christa Reetz,GRÜNE,10
Manfred Reimann,SPD,10
Helmut Rode,CDU,10
Hannelore Rönsch,CDU,10
Adolf Roth,CDU,10
Herbert Rusche,GRÜNE,10
Walter Sauermilch,GRÜNE,10
Wolfgang Saurin,CDU,10
Dieter Schanz,SPD,10
Heribert Scharrenbroich,CDU,10
Heinz Schemken,CDU,10
Gerhard Scheu,CSU,10
Henning Schierholz,GRÜNE,10
Otto Schily,SPD,10
Norbert Schlottmann,CDU,10
Bernd Schmidbauer,CDU,10
Christian Schmidt,GRÜNE,10
Michael Schmude,CDU,10
Dirk Schneider,GRÜNE,10
Manfred Schneider,CDU,10
Waltraud Schoppe,GRÜNE,10
Werner Schreiber,CDU,10
Wolfgang Schulhoff,CDU,10
Stefan Schulte,GRÜNE,10
Helmut Schultz,CDU,10
Walter Schwenninger,GRÜNE,10
Heinrich Seesing,CDU,10
Inge Segall,FDP,10
Ursula Seiler-Albring,FDP,10
Hans-Werner Senfft,GRÜNE,10
Dietrich Stobbe,SPD,10
Karl Stockhausen,CDU,10
Eckhard Stratmann,GRÜNE,10
Hans-Christian Ströbele,GRÜNE,10
Hans-Gerd Strube,CDU,10
Heinz Suhr,GRÜNE,10
Willi Tatge,GRÜNE,10
Udo Tischer,GRÜNE,10
Hans-Günther Toetemeyer,SPD,10
Gunnar Uldall,CDU,10
Hans Verheyen,GRÜNE,10
Axel Vogel,GRÜNE,10
Roland Vogt,GRÜNE,10
Hans-Peter Voigt,CDU,10
Antje Vollmer,GRÜNE,10
Ludger Volmer,GRÜNE,10
Marita Wagner,GRÜNE,10
Alexander Warrikoff,CDU,10
Wolfgang Weng,FDP,10
Gerd Peter Werner,GRÜNE,10
Helmut Werner,GRÜNE,10
Bernd Wilz,CDU,10
Simon Wittmann,CSU,10
Karin Zeitler,GRÜNE,10
Marieluise Beck-Oberdorf,GRÜNE,10
Robert Antretter,SPD,9
Heinz Assmann,SPD,9
Dieter Auch,SPD,9
Dietrich Austermann,CDU,9
Georg Bamberg,SPD,9
Klaus Beckmann,FDP,9
Wolfram Bergerowski,FDP,9
Hans Gottfried Bernrath,SPD,9
Erich Berschkeit,SPD,9
Lieselott Blunck,SPD,9
Arne Börnsen,SPD,9
Friedrich Bohl,CDU,9
Jochen Borchert,CDU,9
Peter Boroffka,CDU,9
Carola Braun-Stützer,FDP,9
Günther Bredehorn,FDP,9
Paul Breuer,CDU,9
Guido Brunner,FDP,9
Josef Adalbert Brunner,CSU,9
Klaus Brunnstein,FDP,9
Josef Bugl,CDU,9
Albert Burger,CDU,9
Helmut Buschbom,CDU,9
Wolf-Michael Catenhusen,SPD,9
Joachim Clemens,CDU,9
Manfred Coppik,SPD,9
Harm Dallmeyer,CDU,9
Eberhard Diepgen,CDU,9
Werner Dörflinger,CDU,9
Werner Dolata,CDU,9
Hansjürgen Doss,CDU,9
Rudolf Dreßler,SPD,9
Freimut Duve,SPD,9
Jürgen Echternach,CDU,9
Eva Sibylle Engel,FDP,9
Kurt Faltlhauser,CSU,9
Peter Feile,SPD,9
Olaf Feldmann,FDP,9
Hermann Fellner,CSU,9
Dirk Fischer,CDU,9
Gernot Fischer,SPD,9
Lothar Fischer,SPD,9
Rita Fromm,FDP,9
Anke Fuchs,SPD,9
Honor Funk,CDU,9
Rainer Funke,FDP,9
Johannes Ganz,CDU,9
Michaela Geiger,CSU,9
Konrad Gilges,SPD,9
Horst Ginnuttis,SPD,9
Matthias Ginsberg,FDP,9
Eicke Götz,CSU,9
Horst Günther,CDU,9
Wolfgang Hackel,CDU,9
Renate Hellwig,CDU,9
Ralph Herberholz,SPD,9
Adolf Herkenrath,CDU,9
Günter Herterich,SPD,9
Ernst Hinsken,CSU,9
Rüdiger Hitzigrath,SPD,9
Erwin Holsteg,FDP,9
Bernhard Jagoda,CDU,9
Günther Jansen,SPD,9
Wilhelm Jung,CDU,9
Joachim Kalisch,CDU,9
Peter Keller,CSU,9
Günter Kiehm,SPD,9
Karl-Heinz Klejdzinski,SPD,9
Walter Kolbow,SPD,9
Horst Korber,SPD,9
Klaus Kübler,SPD,9
Karl Lamers,CDU,9
Norbert Lammert,CDU,9
Herbert Lattmann,CDU,9
Klaus Lennartz,SPD,9
Günther Leonhart,SPD,9
Josef Linsmeier,CSU,9
Julius Louven,CDU,9
Ortwin Lowack,CSU,9
Dagmar Luuk,SPD,9
Erich Maaß,CDU,9
Theo Magin,CDU,9
Franz-Josef Mertens,SPD,9
Meinolf Michels,CDU,9
Peter Mitzscherling,SPD,9
Alfons Müller,CDU,9
Engelbert Nelle,CDU,9
Friedrich Neuhausen,FDP,9
Erke Noth,FDP,9
Rolf Olderog,CDU,9
Klaus-Dieter Osswald,SPD,9
Günter Pauli,SPD,9
Horst Peter,SPD,9
Heinrich Pohlmeier,CDU,9
Karl-Heinz Popp,FDP,9
Joachim Poß,SPD,9
Rudolf Purps,SPD,9
Wolfgang Rayer,SPD,9
Friedhelm Rentrop,FDP,9
Hans-Peter Repnik,CDU,9
Otto Reschke,SPD,9
Bernd Reuter,SPD,9
Dietrich Riebensahm,FDP,9
Horst-Ludwig Riemer,FDP,9
Klaus Rösch,FDP,9
Ingrid Roitzsch,CDU,9
Kurt J. Rossmanith,CSU,9
Rudolf Ruf,CDU,9
Wolfgang Rumpf,FDP,9
Roland Sauer,CDU,9
Alfred Sauter,CSU,9
Hermann Schätz,SPD,9
Hermann Scheer,SPD,9
Günter Schlatter,SPD,9
Helga Schmedt,SPD,9
Renate Schmidt,SPD,9
Rudi Schmitt,SPD,9
Reinhard Schorlemer,CDU,9
Ottmar Schreiner,SPD,9
Conrad Schroeder,CDU,9
Gerhard Schröder,SPD,9
Thomas Schröer,SPD,9
Gerhard Schulze,CDU,9
Irmgard Adam-Schwaetzer,FDP,9
Horst Seehofer,CSU,9
Horst Sielaff,SPD,9
Sigrid Skarpelis-Sperk,SPD,9
Hartmut Soell,SPD,9
Heinz-Alfred Steiner,SPD,9
Ludwig Stiegler,SPD,9
Peter Struck,SPD,9
Margitta Terborg,SPD,9
Jürgen Timm,FDP,9
Kurt Ueberschär,SPD,9
Alois Waldburg-Zeil,CDU,9
Hans Wallow,SPD,9
Gerd Wartenberg,SPD,9
Karl Weinhofer,SPD,9
Dieter Weirich,CDU,9
Werner Weiß,CDU,9
Gudrun Weyel,SPD,9
Helmut Wieczorek,SPD,9
Norbert Wieczorek,SPD,9
Eugen Wiesche,SPD,9
Lothar Witek,SPD,9
Benno Zierer,CSU,9
Ruth Zutt,SPD,9
Jochen Aerssen,CDU,8
Joachim Angermeyer,FDP,8
Dietrich Bahner,CDU,8
Frolinde Balser,SPD,8
Richard Bayha,CDU,8
Karl Becker,CDU,8
Markus Berger,CDU,8
Johann Christoph Besch,CDU,8
Kurt H. Biedenkopf,CDU,8
Rudolf Bindig,SPD,8
Rudolf Blügel,CDU,8
Wolfgang Bötsch,CSU,8
Werner Broll,CDU,8
Klaus Bühler,CDU,8
Franz Josef Conrad,CDU,8
Dieter-Julius Cronenberg,FDP,8
Lothar Curdt,SPD,8
Christa Czempiel,SPD,8
Klaus Daubertshäuser,SPD,8
Klaus Daweke,CDU,8
Nils Diederich,SPD,8
Karl-Arnold Eickmeyer,SPD,8
Norbert Eimer,FDP,8
Brigitte Erler,SPD,8
Ekkehart Eymer,CDU,8
Wolfgang Feinendegen,CDU,8
Leni Fischer,CDU,8
Klaus Francke,CDU,8
Bernhard Friedmann,CDU,8
Klaus Gärtner,FDP,8
Hans H. Gattermann,FDP,8
Wolfgang Geldern,CDU,8
Haimo George,CDU,8
Ludwig Gerstein,CDU,8
Michael Glos,CSU,8
Horst Gobrecht,SPD,8
Herbert Gruhl,CDU,8
Fritz Haberl,CSU,8
Hildegard Hamm-Brücher,FDP,8
Liesel Hartenstein,SPD,8
Klaus Hartmann,CSU,8
Albrecht Hasinger,CDU,8
Helmut Haussmann,FDP,8
Herbert Helmrich,CDU,8
Ottfried Hennig,CDU,8
Peter Heydt Freiherr von Massenbach,CDU,8
Günther Heyenn,SPD,8
Peter Wilhelm Höffkes,CSU,8
Stefan Höpfinger,CSU,8
Paul Hoffacker,CDU,8
Hans-Joachim Hoffmann,SPD,8
Ingeborg Hoffmann,CDU,8
Heinz Günther Hüsch,CDU,8
Hans Huyn,CSU,8
Lothar Ibrügger,SPD,8
Hans-Joachim Jentsch,CDU,8
Horst Jungmann,SPD,8
Irmgard Karwatzki,CDU,8
Klaus Kirschner,SPD,8
Peter Kittelmann,CDU,8
Hans Klein,CSU,8
Heinrich Klein,SPD,8
Helmut Kohl,CDU,8
Elmar Kolb,CDU,8
Rudolf Kraus,CSU,8
Volkmar Kretkowski,SPD,8
Franz Heinrich Krey,CDU,8
Ursula Krone-Appuhn,CSU,8
Klaus-Dieter Kühbacher,SPD,8
Max Künstler,CDU,8
Eckart Kuhlwein,SPD,8
Heinz F. Landré,CDU,8
Gerd Langguth,CDU,8
Manfred Langner,CDU,8
Paul Laufs,CDU,8
Kurt Leuschner,SPD,8
Jürgen Linde,SPD,8
Eduard Lintner,CSU,8
Peter Lorenz,CDU,8
Walther Ludewig,FDP,8
Rudolf Luster,CDU,8
Ursula Männle,CSU,8
Ingrid Matthäus-Maier,SPD,8
Alfred Meininghaus,SPD,8
Heinz Menzel,SPD,8
Rolf Merker,FDP,8
Reinhard Metz,CDU,8
Reinhard Meyer zu Bentrup,CDU,8
Franz Möller,CDU,8
Hans-Werner Müller,CDU,8
Albert Nehm,SPD,8
Alfred Hubertus Neuhaus,CDU,8
Volker Neumann,SPD,8
Wilhelm Nöbel,SPD,8
Norbert Nothhelfer,CDU,8
Jan Oostergetelo,SPD,8
Johann Paintner,FDP,8
Peter Paterna,SPD,8
Gero Pfennig,CDU,8
Heinz-Jürgen Prangenberg,CDU,8
Otto Regenspurger,CSU,8
Heinrich Reichold,CSU,8
Stephan Reimers,CDU,8
Heinz Riesenhuber,CDU,8
Klaus Rose,CSU,8
Wolfgang Roth,SPD,8
Volker Rühe,CDU,8
Helmut Schäfer,FDP,8
Günther Schartz,CDU,8
Brigitte Traupe,SPD,8
Waldemar Schulze,SPD,8
Heinz Schwarz,CDU,8
Christian Schwarz-Schilling,CDU,8
Wolfgang Sieler,SPD,8
Heide Simonis,SPD,8
Dieter Spöri,SPD,8
Reinhold Staudt,SPD,8
Ulrich Steger,SPD,8
Hans Stercken,CDU,8
Adolf Stockleben,SPD,8
Wilhelm Stöckl,SPD,8
Wilhelm Peter Stommel,CDU,8
Hans-Jürgen Stutzer,CDU,8
Manfred Sybertz,SPD,8
Klaus Thüsing,SPD,8
Günter Topmann,SPD,8
Reinhard Ueberhorst,SPD,8
Ekkehard Voigt,CSU,8
Josef Vosen,SPD,8
Friedrich Voss,CSU,8
Ludolf-Georg Wartenberg,CDU,8
Willi Weiskirch,CDU,8
Dorothee Wilms,CDU,8
Hermann Wimmer,SPD,8
Willy Wimmer,CDU,8
Roswitha Wisniewski,CDU,8
Matthias Wissmann,CDU,8
Peter Kurt Würzbach,CDU,8
Wolf-Dieter Zumpfort,FDP,8
Conrad Ahlers,SPD,7
Max Amling,SPD,7
Hans-Jürgen Augstein,SPD,7
Rudolf Augstein,FDP,7
Egon Bahr,SPD,7
Martin Bangemann,FDP,7
Gerhart Rudolf Baum,FDP,7
Ursula Benedix,CDU,7
Gerold Benz,CDU,7
Bertram Blank,SPD,7
Norbert Blüm,CDU,7
Rolf Böger,FDP,7
Wilfried Böhm,CDU,7
Rolf Böhme,SPD,7
Gerhard Braun,CDU,7
Karl Carstens,CDU,7
Manfred Carstens,CDU,7
Herbert Christ,FDP,7
Peter Conradi,SPD,7
Herta Däubler-Gmelin,SPD,7
Alfred Dregger,CDU,7
Nicolaus Dreyer,CDU,7
Jürgen Egert,SPD,7
Herbert Ehrenberg,SPD,7
Karl Eigen,CDU,7
Dietrich Elchlepp,SPD,7
Hans-Uwe Emeis,SPD,7
Alfred Emmerlich,SPD,7
Hans A. Engelhard,FDP,7
Otto Entrup,CDU,7
Carl Ewen,SPD,7
Richard Ey,CDU,7
Werner Ferrang,CDU,7
Karl-Hermann Flach,FDP,7
Bruno Friedrich,SPD,7
Norbert Gansel,SPD,7
Erna-Maria Geier,CDU,7
Johannes Gerster,CDU,7
Friedrich Gerstl,SPD,7
Peter Glotz,SPD,7
Karl Martin Graß,CDU,7
Jürgen Grimming,SPD,7
Rötger Groß,FDP,7
Angela Grützmann,SPD,7
Horst Grunenberg,SPD,7
Ingeborg Häckel,CDU,7
Frank Haenschke,SPD,7
Franz Handlos,CSU,7
Hansheinz Hauser,CDU,7
Rudolf Herbers,SPD,7
Burkhard Hirsch,FDP,7
Friedrich Hölscher,FDP,7
Klaus-Jürgen Hoffie,FDP,7
Uwe Holtz,SPD,7
Hans-Günter Hoppe,FDP,7
Karl-Heinz Hornhues,CDU,7
Agnes Hürland,CDU,7
Gunter Huonker,SPD,7
Klaus Immer,SPD,7
Claus Jäger,CDU,7
Friedrich-Adolf Jahn,CDU,7
Horst Jaunich,SPD,7
Uwe Jens,SPD,7
Hans Katzer,CDU,7
Hans Hugo Klein,CDU,7
Josef Klein,CDU,7
Kurt Koblitz,SPD,7
Herbert W. Köhler,CDU,7
Volkmar Köhler,CDU,7
Paul Kratz,SPD,7
Friedrich Kreibaum,FDP,7
Hermann Kroll-Schlüter,CDU,7
Max Kunz,CSU,7
Karl-Hans Laermann,FDP,7
Karl-Hans Lagershausen,CDU,7
Uwe Lambinus,SPD,7
Otto Lambsdorff,FDP,7
Dieter Lattmann,SPD,7
Albert Leicht,CDU,7
Renate Lepsius,SPD,7
Barbara Lüdemann,FDP,7
Egon Lutz,SPD,7
Peter Männing,SPD,7
Erhard Mahne,SPD,7
Werner Maihofer,FDP,7
Manfred Marschall,SPD,7
Anke Riedel-Martiny,SPD,7
Alois Mertes,CDU,7
Peter Milz,CDU,7
Jürgen W. Möllemann,FDP,7
Heiner Möller,CDU,7
Richard Müller,SPD,7
Rudolf Müller,SPD,7
Franz Müntefering,SPD,7
Werner Nagel,SPD,7
Karl-Heinz Narjes,CDU,7
Hanna Neumeister,CDU,7
Franz-Josef Nordlohne,CDU,7
Martin Oldenstädt,CDU,7
Elisabeth Orth,SPD,7
Doris Pack,CDU,7
Willfried Penner,SPD,7
Helwin Peter,SPD,7
Gerhard O. Pfeffermann,CDU,7
Walter Polkehn,SPD,7
Heinz Rapp,SPD,7
Hermann Rappe,SPD,7
Wiltrud Rehlen,SPD,7
Hermann P. Reiser,SPD,7
Peter W. Reuschenbach,SPD,7
Paula Riede,CDU,7
Siegfried Röhlig,SPD,7
Uwe Ronneburger,FDP,7
Helmut Sauer,CDU,7
Harald B. Schäfer,SPD,7
Wolfgang Schäuble,CDU,7
Hermann Scheffler,SPD,7
Martin Schetter,CDU,7
Dieter Schinzel,SPD,7
Ursula Schleicher,CSU,7
Eckhard Schleifenbaum,FDP,7
Günter Schluckebier,SPD,7
Adolf Schmidt,SPD,7
Manfred Schmidt,CDU,7
Hans Peter Schmitz,CDU,7
Hans Werner Schmöle,CDU,7
Rudolf Schöfberger,SPD,7
Andreas von Schoeler,FDP,7
Heinz Schreiber,SPD,7
Horst Schröder,CDU,7
Helga Schuchardt,FDP,7
Rolf Schwedler,SPD,7
Carl-Christoph Schweitzer,SPD,7
Olaf Schwencke,SPD,7
Wolfgang Schwenk,SPD,7
Willi-Peter Sick,CDU,7
Hansmartin Simpfendörfer,SPD,7
Adolf Spies von Büllesheim,CDU,7
Carl-Dieter Spranger,CSU,7
Erwin Stahl,SPD,7
Franz Ludwig Schenk Stauffenberg,CSU,7
Lutz G. Stavenhagen,CDU,7
Waltraud Steinhauer,SPD,7
Karl-Heinz Stienen,SPD,7
Günter Straßmeir,CDU,7
Olaf Sund,SPD,7
Hans-Adolf Terra,CDU,7
Kurt Thürk,CDU,7
Günther Tietjen,SPD,7
Ferdinand Tillmann,CDU,7
Jürgen Todenhöfer,CDU,7
Jürgen Vahlberg,SPD,7
Roswitha Verhülsdonk,CDU,7
Hans-Jochen Vogel,SPD,7
Kurt Vogelsang,SPD,7
Manfred Vohrer,FDP,7
Karsten D. Voigt,SPD,7
Horst Waffenschmidt,CDU,7
Theodor Waigel,CSU,7
Walter Wallmann,CDU,7
Ernst Waltemathe,SPD,7
Rudi Walther,SPD,7
Friedrich Wendig,FDP,7
Herbert Werner,CDU,7
Axel Wernitz,SPD,7
Waltrud Will-Feld,CDU,7
Manfred Wimmer,SPD,7
Torsten Wolfgramm,FDP,7
Gottfried Wurche,SPD,7
Gerhard Zeitel,CDU,7
Werner Zeitler,SPD,7
Werner Zeyer,CDU,7
Werner Zywietz,FDP,7
Karl Ahrens,SPD,6
Siegbert Alber,CDU,6
Odal Alten-Nordheim,CDU,6
Franz Amrehn,CDU,6
Jürgen Anbuhl,SPD,6
Herbert Baack,SPD,6
Franz Josef Bach,CDU,6
Hans-Joachim Baeuchle,SPD,6
Hans Batz,SPD,6
Helmuth Becker,SPD,6
Friedrich Beermann,SPD,6
Franz Berding,CDU,6
Lieselotte Berger,CDU,6
Alfred Biehle,CSU,6
Philipp Bismarck,CDU,6
Otto Bittelmann,CDU,6
Helmut Bockelberg,CDU,6
Günter Böhme,CDU,6
Lenelotte Bothmer,SPD,6
Hans-Ulrich Brand,SPD,6
Bruno Brandes,CDU,6
Hugo Brandt,SPD,6
Wenzel Bredl,SPD,6
Ferdinand Breidbach,CDU,6
Klaus Bremm,CDU,6
Hans Büchler,SPD,6
Peter Büchner,SPD,6
Andreas Bülow,SPD,6
Bernhard Bußmann,SPD,6
Roland Cantzler,CSU,6
Peter Corterier,SPD,6
Ralf Dahrendorf,FDP,6
Valentin Dasch,CSU,6
Friedhelm Dohmann,SPD,6
Klaus Dohnanyi,SPD,6
Ulrich Dübber,SPD,6
Horst Ehmke,SPD,6
Matthias Engelsberger,CSU,6
Björn Engholm,SPD,6
Hans Evers,CDU,6
Heinz Eyrich,CDU,6
Friedhelm Farthmann,SPD,6
Udo Fiebig,SPD,6
Otto Fircks,CDU,6
Willi Fischer,SPD,6
Katharina Focke,SPD,6
Isidor Früh,CDU,6
Karl Fuchs,CSU,6
Georg Gallus,FDP,6
Karl Gatzen,CDU,6
Paul Gerlach,CSU,6
Manfred Achim Geßner,SPD,6
Fritz-Joachim Gnädinger,SPD,6
Georg Gölter,CDU,6
Claus Grobecker,SPD,6
Martin Grüner,FDP,6
Dieter Haack,SPD,6
Friedhelm Halfmeier,SPD,6
Walter Hallstein,CDU,6
Karl-Heinz Hansen,SPD,6
Heinz Hartnack,CDU,6
Volker Hauff,SPD,6
Alfred Hein,CDU,6
Wilhelm Helms,FDP,6
Erich Henke,SPD,6
Maria Henze,CDU,6
Herbert Hermesdorf,CDU,6
Roelf Heyen,SPD,6
Erwin Horn,SPD,6
Antje Huber,SPD,6
Hans Hubrig,CDU,6
Herbert Hupka,CDU,6
Dieter Hussing,CDU,6
Philipp Jenninger,CDU,6
Dionys Jobst,CSU,6
Helmut Kater,SPD,6
Ignaz Kiechle,CSU,6
Gerhard Kienbaum,FDP,6
Victor Kirst,FDP,6
Detlef Kleinert,FDP,6
Gisbert Kley,CSU,6
Peter-Michael Koenig,SPD,6
Gottfried Köster,CDU,6
Klaus Konrad,SPD,6
Georg Kotowski,CDU,6
Lothar Krall,FDP,6
Reinhold Kreile,CSU,6
Horst Krockert,SPD,6
Gerhard Kunz,CDU,6
Lauritz Lauritzen,SPD,6
Ellen Lauterbach,SPD,6
Eduard Lensing,CDU,6
Christian Lenzer,CDU,6
Helmut Link,CDU,6
Lothar Löffler,SPD,6
Paul Löher,CDU,6
Uwe Looft,CDU,6
Erich Meinike,SPD,6
Otto Menth,CSU,6
Günther Metzger,SPD,6
Paul Mikat,CDU,6
Karl Miltner,CDU,6
Helmuth Möhring,SPD,6
Rudolf Müller,CDU,6
Willi Müller,SPD,6
Karl-Heinz Mursch,CDU,6
Lorenz Niegel,CSU,6
Wilhelm Nölling,SPD,6
Hermann Oetting,SPD,6
Rainer Offergeld,SPD,6
Wilderich Ostman von der Leye,SPD,6
Alfons Pawelczyk,SPD,6
Heinz Pensky,SPD,6
Anton Pfeifer,CDU,6
Elmar Pieroth,CDU,6
Winfried Pinger,CDU,6
Eberhard Pohlmann,CDU,6
Albert Probst,CSU,6
Gerhard Reddemann,CDU,6
Erich Riedl,CSU,6
Philip Rosenthal,SPD,6
Hans Roser,CSU,6
Peter Säckl,SPD,6
Engelbert Sander,SPD,6
Franz Sauter,CDU,6
Hans Georg Schachtschabel,SPD,6
Albert Schedl,CSU,6
Adolf Scheu,SPD,6
Christoph Schiller,SPD,6
Friedel Schirmer,SPD,6
Georg Schlaga,SPD,6
Marie Schlei,SPD,6
Günter Schlichting von Rönn,CDU,6
Ferdinand Schmidt,SPD,6
Manfred Schmidt,SPD,6
Wolfgang Schmidt,SPD,6
Karl-Heinz Schmitz,CDU,6
Jürgen Schmude,SPD,6
Oscar Schneider,CSU,6
Wolfgang Schollmeyer,SPD,6
Diedrich Schröder,CDU,6
Dieter Schulte,CDU,6
Horst Seefeld,SPD,6
Rudolf Seiters,CDU,6
Paul Heinrich Simon,SPD,6
Günter Slotta,SPD,6
Dietrich Sperling,SPD,6
Karl-Heinz Spilker,CSU,6
Rudolf Sprung,CDU,6
Werner Staak,SPD,6
German Otto Stehle,CDU,6
Julius Steiner,CDU,6
Walter Suck,SPD,6
Egon Susset,CDU,6
Franz-Lorenz Thadden,CDU,6
Helga Timm,SPD,6
Irma Tübler,CDU,6
Hermann Josef Unland,CDU,6
Hans-Eberhard Urbaniak,SPD,6
Wolfgang Vogt,CDU,6
Günter Volmer,CDU,6
Carl-Ludwig Wagner,CDU,6
Karl-Heinz Walkhoff,SPD,6
Hanna Walz,CDU,6
Jürgen Warnke,CSU,6
Kurt Wawrzik,CDU,6
Hubert Weber,SPD,6
Karl Weber,CDU,6
Richard Weizsäcker,CDU,6
Manfred Wende,SPD,6
Günter Wichert,SPD,6
Hans Wissebach,CDU,6
Hans With,SPD,6
Fritz Wittmann,CSU,6
Otto Wittmann,SPD,6
Jürgen Wohlrabe,CDU,6
Erich Wolfram,SPD,6
Lothar Wrede,SPD,6
Peter Würtz,SPD,6
Kurt Wüster,SPD,6
Otto Wulff,CDU,6
Günther Wuttke,SPD,6
Karl Fred Zander,SPD,6
Manfred Abelein,CDU,5
Rudolf Adams,SPD,5
Hermann Ahrens,SPD,5
Hans Apel,SPD,5
Claus Arndt,SPD,5
Klaus Dieter Arndt,SPD,5
Andreas Baltes,SPD,5
Hermann Barche,SPD,5
Hans Bardens,SPD,5
Alfons Bayerl,SPD,5
Konstantin Bayern,CSU,5
Walter Becher,CSU,5
Friedrich Blume,SPD,5
Fritz Böhm,SPD,5
William Borm,FDP,5
Rolf Bremer,CDU,5
Alwin Brück,SPD,5
Heinz Budde,CDU,5
Reinhard Bühling,SPD,5
Hermann Buschfort,SPD,5
Hugo Collet,SPD,5
Carl Damm,CDU,5
Hermann Dortans,SPD,5
Felix Eckardt,CDU,5
Günther Eckerland,SPD,5
Wendelin Enders,SPD,5
Elisabeth Enseling,CDU,5
Benno Erhard,CDU,5
Leo Ernesti,CDU,5
Ferdinand Erpenbeck,CDU,5
Helmut Esters,SPD,5
Ludwig Fellermaier,SPD,5
Adolf Feuring,SPD,5
Heinrich Franke,CDU,5
Friedrich Wilhelm Freiwald,CDU,5
Göke D. Frerichs,CDU,5
Hans Friderichs,FDP,5
Heinz Frieler,CDU,5
Karl-Walter Fritz,SPD,5
Franz Xaver Geisenhofer,CSU,5
Heiner Geißler,CDU,5
Karl Geldner,FDP,5
Gustav Gemmingen-Hornberg,FDP,5
Hans-Dietrich Genscher,FDP,5
Hans Gertzen,SPD,5
Karl Heinz Gierenstein,CSU,5
Udo Giulini,CDU,5
Ernst Haar,SPD,5
Christian Albrecht Haas,FDP,5
Hansjörg Häfele,CDU,5
Karl Haehser,SPD,5
Hugo Hammans,CDU,5
August Hanz,CDU,5
Rudolf Hauck,SPD,5
Alo Hauser,CDU,5
Udo Hein,SPD,5
Ernst Hölzle,SPD,5
Josef Hofmann,CDU,5
Karl Hofmann,SPD,5
Lieselotte Holzmeister,CDU,5
Martin Horstmeier,CDU,5
Alphons Horten,CDU,5
Adalbert Hudak,CSU,5
Hans Ils,SPD,5
Hans Edgar Jahn,CDU,5
Günter Jaschke,SPD,5
Kurt Jung,FDP,5
Friedrich Karius,SPD,5
Karl-Hans Kern,SPD,5
Walther Leisler Kiep,CDU,5
Egon Alfred Klepsch,CDU,5
Heinrich Köppler,CDU,5
Wilhelm Krampe,CDU,5
Konrad Kraske,CDU,5
Heinz Kreutzmann,SPD,5
Ursula Krips,SPD,5
Werner Kunze,SPD,5
Egon Lampersbach,CDU,5
Hans Lemp,SPD,5
Helmut Lenders,SPD,5
Carl Otto Lenz,CDU,5
Karl Liedtke,SPD,5
Josef Löbbert,SPD,5
Rudi Lotze,SPD,5
Werner Marx,CDU,5
Kurt Matthes,SPD,5
Rolf Meinecke,SPD,5
Siegfried Meister,CDU,5
Anna Mönikes,CDU,5
Bernhard Mühlhan,FDP,5
Günther Müller,CSU,5
Willi Müser,CDU,5
Hans Müthling,SPD,5
Alfred Nann,SPD,5
Georg Neemann,SPD,5
Paul Neumann,SPD,5
Günter Nordenskjöld,CDU,5
Gerhard Orgaß,CDU,5
Anton Ott,CSU,5
Peter Petersen,CDU,5
Walter Picard,CDU,5
Liselotte Pieser,CDU,5
Werner Porsch,FDP,5
Helmut Prassler,CDU,5
Herbert Prochazka,CSU,5
Joachim Raffert,SPD,5
Alois Rainer,CSU,5
Friedrich Rau,SPD,5
Wilhelm Rawe,CDU,5
Carl Reinhard,CDU,5
Hermann Alexander Reinholz,CDU,5
Klaus Richter,SPD,5
Günter Rinsche,CDU,5
Gerd Ritgen,CDU,5
Burkhard Ritz,CDU,5
Edelhard Rock,CDU,5
Paul Röhner,CSU,5
Johannes Baptist Rösler,CDU,5
Hermann Josef Russe,CDU,5
Hermann Saam,FDP,5
Botho Sayn-Wittgenstein-Hohenstein,CDU,5
Karl Schiller,SPD,5
Hildegard Schimschok,SPD,5
Manfred Schlager,CSU,5
Klaus Schmid-Burgk,CDU,5
Peter M. Schmidhuber,CSU,5
Josef Schmitt,CDU,5
Kurt Schober,CDU,5
Friedrich Schonhofen,SPD,5
Heinrich Schröder,CDU,5
Manfred Schulte,SPD,5
Klaus-Peter Schulz,SPD,5
Max Schulze-Vorberg,CSU,5
Hellmut Sieglerschmidt,SPD,5
Hermann Spillecke,SPD,5
Gerd Springorum,CDU,5
Hermann Stahlberg,CDU,5
Hans-Werner Staratzke,FDP,5
Anton Stark,CDU,5
Franz Stein,SPD,5
Harry Tallert,SPD,5
Albert Tönjes,SPD,5
Hans Verbeek,CDU,5
Franz Vit,SPD,5
Bernhard Vogel,CDU,5
Friedrich Vogel,CDU,5
Erich Weiland,CDU,5
Martin Wendt,SPD,5
Heinz Westphal,SPD,5
Helga Wex,CDU,5
Bruno Wiefel,SPD,5
Heinrich Wilper,CDU,5
Manfred Wörner,CDU,5
Erika Wolf,CDU,5
Olaf Wrangel,CDU,5
Richard Wurbs,FDP,5
Johann Wuwer,SPD,5
Franz Josef Zebisch,SPD,5
Edwin Zerbe,SPD,5
Otto Zink,CDU,5
Eduard Adorno,CDU,4
Walter Althammer,CSU,4
Artur Anders,SPD,4
Walter Arendt,SPD,4
Gottfried Arnold,CDU,4
Helmut Artzinger,CDU,4
Albrecht Aschoff,FDP,4
Willi Bäuerle,SPD,4
Willy Bartsch,SPD,4
Willi Beuster,SPD,4
Karl Bewerunge,CDU,4
Hermann Biechele,CDU,4
Curt Biegler,SPD,4
Adolf Bieringer,CDU,4
Günter Biermann,SPD,4
Erik Bernhard Blumenfeld,CDU,4
Georg Böhme,CDU,4
Max Brauer,SPD,4
Josef Braun,SPD,4
Heinz Brenck,CSU,4
Werner Buchstaller,SPD,4
Richard Burckardt,FDP,4
Arthur H. Busch,SPD,4
Hermann Busse,FDP,4
Werner Danz,FDP,4
Rembert Delden,CDU,4
J.F. Volrad Deneke,FDP,4
Hans Dichgans,CDU,4
Wolfram Dörinkel,FDP,4
Wolfram Dorn,FDP,4
Josef Effertz,FDP,4
Georg Ehnes,CSU,4
Ilse Elsner,SPD,4
Hans Georg Emde,FDP,4
Erhard Eppler,SPD,4
Josef Ertl,FDP,4
Karl-Heinz Exner,CDU,4
Franz Falke,CDU,4
Werner Figgen,SPD,4
Gerhard Flämig,SPD,4
Hedi Flitz,FDP,4
Brigitte Freyh,SPD,4
Walter Fritsch,SPD,4
Liselotte Funcke,FDP,4
Helmut Geiger,CSU,4
Horst Gerlach,SPD,4
Walter Richard Gerlich,CDU,4
Eugen Glombig,SPD,4
Annemarie Griesinger,CDU,4
Kurt Gscheidle,SPD,4
Max Güde,CDU,4
Centa Haas,CSU,4
Detlef Haase,SPD,4
Lothar Haase,CDU,4
Kurt Härzschel,CDU,4
Marlis Hagen,CDU,4
Wilhelm Hahn,CDU,4
Ludwig Hamm,FDP,4
Walter Hammersen,FDP,4
Walther Hellige,CDU,4
Hermann Herberts,SPD,4
Hedda Heuser,FDP,4
Martin Hirsch,SPD,4
Josef Höchst,CDU,4
Wilhelm Hoegner,SPD,4
Hans Hörmann,SPD,4
Heinrich Hörnemann,CDU,4
Alex Hösl,CSU,4
Heinrich Holkenbrink,CDU,4
Klaus Hübner,SPD,4
Rudolf Hussong,SPD,4
Eugen Huthmacher,CDU,4
Maria Jacobi,CDU,4
Gerhard Jungmann,CDU,4
Heinrich Junker,SPD,4
Rudolf Kaffka,SPD,4
Emilie Kiep-Altenloh,FDP,4
Marie-Elisabeth Klee,CDU,4
Günter Klein,SPD,4
Johann Klein,CDU,4
Ingeborg Kleinert,SPD,4
Hans-Jürgen Klinker,CDU,4
Gerhard Koch,SPD,4
Richard Kohlberger,SPD,4
Gerhard Kreyssig,SPD,4
Ewald Krümmer,FDP,4
Werner Kubitza,FDP,4
Paul Kübler,SPD,4
Friedrich Kühn,CDU,4
Alwin Kulawig,SPD,4
Josef Kurtz,CDU,4
Walter Langebeck,SPD,4
Karl Heinz Lemmrich,CSU,4
Hubert Lemper,SPD,4
Werner Lenz,SPD,4
Harry Liehr,SPD,4
Karl Löbe,FDP,4
Dorothea Lösche,SPD,4
Manfred Luda,CDU,4
Konrad Mälzig,FDP,4
Wilhelm Maibaum,SPD,4
Werner Marquardt,SPD,4
Hans Matthöfer,SPD,4
Hedwig Meermann,SPD,4
W. Alexander Menne,FDP,4
Werner Mertes,FDP,4
Wilhelm Michels,SPD,4
Artur Missbach,CDU,4
Alex Möller,SPD,4
Karl Moersch,FDP,4
Heinz Morgenstern,SPD,4
Adolf Müller,CDU,4
Heinrich Müller,SPD,4
Johannes Müller,CDU,4
Josef Müller,CDU,4
Adolf Müller-Emmert,SPD,4
Erich Peter Neumann,CDU,4
Uwe-Jens Nissen,SPD,4
Wilhelm Ohlemeyer,SPD,4
Alfred Ollesch,FDP,4
Rudolf Opitz,FDP,4
Willi Peiter,SPD,4
Walter Peters,FDP,4
Arnold Poepke,CDU,4
Hans-Jürgen Pohlenz,SPD,4
Josef Porten,CDU,4
Konrad Porzner,SPD,4
August Ramminger,CSU,4
Hans Rauhaus,CDU,4
Karl Ravens,SPD,4
Gerhard Reichhardt,SPD,4
Martin Reichmann,FDP,4
Gerhard Reischl,SPD,4
Karl Riegel,SPD,4
Walter Rieger,FDP,4
Fritz Rinderspacher,SPD,4
Carl Roesch,SPD,4
Kurt Ross,SPD,4
Fritz Sänger,SPD,4
Karl-Heinz Saxowski,SPD,4
Helmut Schlüter,SPD,4
Hansheinrich Schmidt,FDP,4
Hermann Schmidt,SPD,4
Horst Schmidt,SPD,4
Walter Schmidt,SPD,4
Christa Schroeder,CDU,4
Georg Schulhoff,CDU,4
Wolfgang Schwabe,SPD,4
Philipp Seibert,SPD,4
Hans Stefan Seifriz,SPD,4
Edmund Sinn,CDU,4
Friedrich Soetebier,FDP,4
Gustav Stein,CDU,4
Fritz Steinhoff,SPD,4
Heinrich Stephan,SPD,4
Maria Stommel,CDU,4
Heinrich Stooss,CDU,4
Alois Strohmayr,SPD,4
Adolf Süsterhenn,CDU,4
Ernst Supf,FDP,4
Wilhelm Urban,SPD,4
Arnold Verhoeven,CDU,4
Felix Vittinghoff-Schell,CDU,4
Gerold Wächter,FDP,4
Leo Wagner,CSU,4
Franz Weigl,CSU,4
Paul Weinzierl,CSU,4
Hans Wellmann,SPD,4
Ladislaus Winterstein,SPD,4
Willi Wolf,SPD,4
Erich Ziegler,CSU,4
Else Zimmermann,SPD,4
Ernst Achenbach,FDP,3
Raban Adelmann,CDU,3
Heinrich Aigner,CSU,3
Wilhelm Altvater,SPD,3
Karl Arnold,CDU,3
Heinrich Auge,SPD,3
Robert Bach,SPD,3
Harri Bading,SPD,3
Rudolf Bäumer,SPD,3
Albert Baldauf,CDU,3
Siegfried Balke,CSU,3
Bernhard Balkenhol,CDU,3
Wolfgang Bartels,CDU,3
Rainer Barzel,CDU,3
Hans Bay,SPD,3
Karl Bechert,SPD,3
Curt Becker,CDU,3
Walter Behrendt,SPD,3
Ernst Benda,CDU,3
August Berberich,CDU,3
Ulrich Berger,CDU,3
Karl Wilhelm Berkhan,SPD,3
Kurt Birrenbach,CDU,3
Irma Blohm,CDU,3
Holger Börner,SPD,3
Julius Brecht,SPD,3
Johannes Brüns,CDU,3
Karl August Bühler,CDU,3
Fritz Büttner,SPD,3
Fritz Burgbacher,CDU,3
Kurt Conrad,SPD,3
Rolf Dahlgrün,FDP,3
Arved Deringer,CDU,3
Hermann Diebäcker,CDU,3
Jakob Diel,CDU,3
Emmy Diemer-Nicolaus,FDP,3
Wolfgang Döring,FDP,3
Otto Dowidat,FDP,3
Hans Drachsler,CSU,3
Heinrich Draeger,CDU,3
Wilhelm Dröscher,SPD,3
Hermann Dürr,SPD,3
Ernst Theodor Eichelbaum,CDU,3
Elfriede Eilers,SPD,3
Jan Eilers,CDU,3
Otto Eisenmann,FDP,3
Margarete Engländer,CDU,3
Arthur Enk,CDU,3
Bert Even,CDU,3
Josef Felder,SPD,3
Otto Feury,CSU,3
Erwin Folger,SPD,3
Günter Frede,SPD,3
Friedrich Fritz,CDU,3
Gerhard Fritz,CDU,3
Walter Gaßmann,CDU,3
Albrecht Gehring,CDU,3
Heinrich Gewandt,CDU,3
Fritz Glahn,FDP,3
Hermann Mathias Görgen,CSUS,3
Karl Gossel,CDU,3
Leo Gottesleben,CDU,3
Johann Baptist Gradl,CDU,3
Karl Theodor Guttenberg,CSU,3
Hermann Haage,SPD,3
Karl Hackethal,CDU,3
Dietrich Hahne,CDU,3
Heinrich Hamacher,SPD,3
Fritz Haniel-Niethammer,CSU,3
Walter Harm,SPD,3
Hugo Hauser,CDU,3
Bruno Heck,CDU,3
Gustav W. Heinemann,SPD,3
Clemens Hesemann,CDU,3
Egon Höhmann,SPD,3
Ernst Holla,CDU,3
Viktor Hoven,FDP,3
Lambert Huys,CDU,3
Wolfgang Imle,FDP,3
Hans Iven,SPD,3
Gerhard Jahn,SPD,3
Pascual Jordan,CDU,3
Nikolaus Jürgensen,SPD,3
Hans-Jürgen Junghans,SPD,3
Hubert Jungherz,SPD,3
Karl Kanka,CDU,3
Ernst Keller,FDP,3
Friedrich Kempfler,CSU,3
Arthur Killat,SPD,3
Gerhard Kisters,CDU,3
Elfriede Hamelbeck,CDU,3
Friedrich Knorr,CSU,3
Hermann Koch,CDU,3
Otto Köhler,FDP,3
Oswald Adolph Kohut,FDP,3
Edith Krappe,SPD,3
Friedrich Kraus,SPD,3
Reinhold Kreitmeyer,FDP,3
Caspar Krüger,CDU,3
Hans Krüger,CDU,3
Georg Krug,CSU,3
Knut Kühlmann-Stumm,FDP,3
August Kunst,CDU,3
Wilhelm Lantermann,SPD,3
Hans Lautenschlager,SPD,3
Georg Leber,SPD,3
Hanns-Gero Lindeiner,CDU,3
Fritz Logemann,FDP,3
Ulrich Lohmar,SPD,3
Johannes Lücke,SPD,3
Karl-Heinz Lünenstraß,SPD,3
Berthold Martin,CDU,3
Hans Meis,CDU,3
Linus Memmel,CSU,3
Theodor Mengelkamp,CDU,3
Rudolf Metter,SPD,3
Ernst Wilhelm Meyer,SPD,3
Franz Meyers,CDU,3
Josef Mick,CDU,3
Wolfgang Mischnick,FDP,3
Klaus Mühlen,FDP,3
Karl Müller,SPD,3
Oskar Munzinger,SPD,3
Leonhard Murr,FDP,3
Wilhelm Nieberg,CDU,3
Maria Pannhoff,CDU,3
Ernst Pernoll,CDU,3
Walter Pflaumbaum,CDU,3
Gerhard Philipp,CDU,3
Carl Pietscher,CDU,3
Wilhelm Probst,DP,3
Severin Fritz Pütz,SPD,3
Egon Wilhelm Theodor Ramms,FDP,3
Rudolf Recktenwald,SPD,3
Eckhard Reith,CDU,3
Clemens Riedel,CDU,3
Hugo Rimmelspacher,SPD,3
Georg Ripken,DP,3
Ernst Rodiek,SPD,3
Helmut Rohde,SPD,3
Dietrich-Wilhelm Rollmann,CDU,3
Josef Rommerskirchen,CDU,3
Hans-Carl Rüdel,CDU,3
Wolfgang Rutschke,FDP,3
Heinrich Sander,FDP,3
Friedrich Schäfer,SPD,3
Ernst Scharnowski,SPD,3
Albrecht Schlee,CSU,3
Alfred Schliestedt,SPD,3
Otto Schmidt,CDU,3
Cläre Schmitt,CDU,3
Kurt Schröder,SPD,3
Klaus Schütz,SPD,3
Fritz-Rudolf Schultz,FDP,3
Hermann Schwörer,CDU,3
Elfriede Seppi,SPD,3
Franz Seume,Plos,3
Karl Simpfendörfer,CDU,3
Kurt Spitzmüller,FDP,3
Josef Stecker,CDU,3
Willy Steinmetz,CDU,3
Carl Stenger,SPD,3
Gerhard Stoltenberg,CDU,3
Friedrich-Karl Storm,CDU,3
Gustav Sühler,CSU,3
Richard Tamble,SPD,3
Emil Theil,SPD,3
Hanns Theis,SPD,3
Hans Toussaint,CDU,3
Max Vehar,CDU,3
Karl-Heinz Vogt,CSU,3
Otto Walpert,SPD,3
Fritz Walter,FDP,3
Heinz Wegener,SPD,3
August Weimer,CDU,3
Otto Weinkamm,CSU,3
Heinrich Welslau,SPD,3
Helmut Wendelborn,CDU,3
Rudolf Werner,CDU,3
Werner Wilhelm,SPD,3
Hans Wilhelmi,CDU,3
Friedrich Wilhelm Willeke,CDU,3
Hans-Jürgen Wischnewski,SPD,3
Kurt Wittmer-Eigenbrodt,CDU,3
Herbert Wolff,CDU,3
Josef Worms,CDU,3
Alois Zimmer,CDU,3
Friedrich Zimmermann,CSU,3
Siegfried Zoglmann,CSU,3
Annemarie Ackermann,CDU,2
Ernst Albrecht,CDU,2
Fritz Baier,CDU,2
Hans Bals,SPD,2
Wilhelm Banse,SPD,2
Heinrich Barlage,CDU,2
Hannsheinz Bauer,SPD,2
Josef Bauer,CSU,2
Fritz Becker,DP,2
Reinhold F. Bender,GB/ BHE,2
Franziska Bennemann,SPD,2
Fritz Berendsen,CDU,2
Hermann Berg,FDP,2
Margarete Heise,SPD,2
Bernhard Gerhard Bergmeyer,CDU,2
Lucie Beyer,SPD,2
Otto Bismarck,CDU,2
Hildegard Bleyler,CDU,2
Hans Blöcker,CDU,2
Paul Bock,CDU,2
Ernst Bodelschwingh,CDU,2
Franz Böhm,CDU,2
Franz Böhner,DZP,2
Peter Wilhelm Brand,CDU,2
Josef Brenner,CDU,2
Johannes Brockmann,DZP,2
Valentin Brück,CDU,2
Ernst-Christoph Brühler,DP,2
August Bruse,SPD,2
Ewald Bucher,FDP,2
Karl Buchka,CDU,2
Dietrich Bürkel,CDU,2
Alfred Burgemeister,CDU,2
Johannes Caspers,CDU,2
Adolf Cillien,CDU,2
Hermann Conring,CDU,2
Fritz Corterier,SPD,2
Herbert Czaja,CDU,2
Fritz Czermak,FDP,2
Robert Daum,SPD,2
Heinrich Deist,SPD,2
Hans Demmelmeier,CSU,2
Georg Dewald,SPD,2
Karl Diedrichsen,CDU,2
Bruno Diekmann,SPD,2
Stefan Dittrich,CSU,2
Werner Dollinger,CSU,2
Wilhelm Dopatka,SPD,2
Walter Drechsel,FDP,2
Walter Eckhardt,CSU,2
Alexander Elbrächter,CDU,2
Martin Elsner,GB/ BHE,2
Ernst Engelbrecht-Greve,CDU,2
Hans-Egon Engell,GB/ BHE,2
Fritz Eschmann,SPD,2
Oskar Farny,CDU,2
Erwin Feller,GB/ BHE,2
Eduard Fiedler,CDU,2
Eva Gräfin Finckenstein,CDU,2
Hermann Finckh,CDU,2
Erni Finselberger,GB/ BHE,2
Ludwig Franz,CSU,2
Jakob Franzen,CDU,2
Heinz Frehsee,SPD,2
Alfred Frenzel,,2
Hermann Friese,CDU,2
Lotte Friese-Korn,FDP,2
Hans Furler,CDU,2
Elisabeth Ganswindt,CDU,2
Mathilde Gantenberg,CDU,2
Gustav-Adolf Gedat,CDU,2
Wilhelm Gefeller,SPD,2
Hans Geiger,SPD,2
Hugo Geiger,CSU,2
Ingeborg Geisendörfer,CSU,2
Heinz Gemein,GB/ BHE,2
Alfred Gille,GB/ BHE,2
Franz Gleissner,CSU,2
Wilhelm Goldhagen,CDU,2
Wilhelm Gontrum,CDU,2
Carlo Graaff,FDP,2
Benno Graf,CSU,2
Fritz Grantze,CDU,2
Hans Griem,CDU,2
Josef Grunner,SPD,2
Otto Gumrum,CSU,2
Horst Haasler,CDU,2
Erwin Häussler,CDU,2
Karl Hahn,CDU,2
Werner Hansen,SPD,2
Hermann Hansing,SPD,2
Johann Harnischfeger,CDU,2
Kai-Uwe Hassel,CDU,2
Herbert Hauffe,SPD,2
Johann Karl Heide,SPD,2
Fritz Heinrich,SPD,2
Fritz Held,FDP,2
Josef Hellenbrock,SPD,2
Fritz Hellwig,CDU,2
Georg Henckel von Donnersmarck,CSU,2
Karl Hepp,FDP,2
Luise Herklotz,SPD,2
Hans Hermsdorf,SPD,2
Karl Herold,SPD,2
Carl Hesberg,CDU,2
Hellmuth Guido Alexander Heye,CDU,2
Hermann Höcherl,CSU,2
Wilhelm Höck,CDU,2
Fritz Wilhelm Hörauf,SPD,2
Josef Hufnagel,SPD,2
Joseph Illerhaus,CDU,2
Artur Jahn,CDU,2
Wenzel Jaksch,SPD,2
Wilhelm Jentzsch,FDP,2
Hedwig Jochmus,CDU,2
Johann Peter Josten,CDU,2
Georg Kahn-Ackermann,SPD,2
Pia Kaiser,CDU,2
Heinrich Kemper,CDU,2
Alma Kettig,SPD,2
Karl Alfred Kihn,CSU,2
Peterheinrich Kirchhoff,CDU,2
Wolfgang Klausner,CSU,2
Georg Kliesing,CDU,2
Gustav Klingelhöfer,SPD,2
Otto Klötzer,GB/ BHE,2
Oskar Knapp,CDU,2
Ludwig Knobloch,CDU,2
Jakob Koenen,SPD,2
Willy Könen,SPD,2
Georg Körner,GB/ BHE,2
Walther Kolbe,CDU,2
Willi Koops,CDU,2
Johannes Kortmann,CDU,2
Waldemar Kraft,CDU,2
Angelo Kramel,CSU,2
Karl Krammig,CDU,2
Wilhelm Kratz,CDU,2
Ludwig Kroll,CDU,2
Edeltraud Kuchtner,CSU,2
Walter Kühlthau,CDU,2
Heinz Kühn,SPD,2
Lothar Kunz,GB/ BHE,2
Walter Kutschera,GB/ BHE,2
Artur Ladebeck,SPD,2
Karl Lahr,FDP,2
Georg Lang,CSU,2
Christian Leibing,CDU,2
Walter Leiske,CDU,2
Erich Leitow,SPD,2
Hans Lenz,FDP,2
Otto Lenz,CDU,2
Franz Lenze,CDU,2
Josef Lermer,CSU,2
Edmund Leukert,CSU,2
Paul Leverkuehn,CDU,2
Heinrich Lindenberg,CDU,2
Hermann Lindrath,CDU,2
Walter Löhr,CDU,2
Hubertus Löwenstein-Wertheim-Freudenberg,DP,2
Wilhelm Lotze,CDU,2
Hans August Lücker,CSU,2
Marie-Elisabeth Lüders,FDP,2
Wilhelm Adam Lulay,CDU,2
Josef Maier,CDU,2
Reinhold Maier,FDP,2
Hasso Manteuffel,FDP,2
Georg Manteuffel-Szoege,CSU,2
Kurt Mattick,SPD,2
Eugen Maucher,CDU,2
Josef Menke,CDU,2
Ludwig Metzger,SPD,2
Philipp Meyer,CSU,2
Trudel Meyer,SPD,2
Rudolf Meyer-Ronnenberg,CDU,2
Anton Miller,CSU,2
Karl Mocker,GB/ BHE,2
Siegfried Moerchel,CDU,2
Matthias Moll,SPD,2
Gebhard Müller,CDU,2
Hans Müller,SPD,2
Karl Müller,DP,2
Franzjosef Müser,CDU,2
Alois Niederalt,CSU,2
Theodor Oberländer,CDU,2
Franz Op den Orth,SPD,2
Ernst Paul,SPD,2
Luise Peter,SPD,2
Helmut Petersen,GB/ BHE,2
Elisabeth Pitz-Savelsberg,CDU,2
Eduard Platner,DP,2
Heinz Pöhler,SPD,2
Wolfgang Pohle,CSU,2
Gisela Praetorius,CDU,2
Carl Prennel,SPD,2
Werner Pusch,SPD,2
Paul Putzig,SPD,2
Hugo Rasch,SPD,2
Will Rasner,CDU,2
Ludwig Ratzel,SPD,2
Karl Regling,SPD,2
Reinhold Rehs,CDU,2
Willy Reichstein,GB/ BHE,2
Wilhelm Reitz,SPD,2
Annemarie Renger,SPD,2
Hans Richarts,CDU,2
Max Riederer von Paar,CSU,2
Walter Rinke,CSU,2
Franz Josef Röder,CDU,2
Josef Rösing,CDU,2
Margarete Rudoll,SPD,2
Thomas Ruf,CDU,2
Franz Ruland,CSUS,2
Wilmar Sabaß,CDU,2
Adolf Franz Samwer,CDU,2
Manfred Schäfer,CDU,2
Walter Scheel,FDP,2
Heinrich Scheppmann,CDU,2
Josef Scheuren,SPD,2
Heinrich Schild,CDU,2
Josef Schlick,CDU,2
Hanns Schloß,FDP,2
Helmut Schmidt,SPD,2
Karlfranz Schmidt-Wittmack,CDU,2
Hermann Schmitt,SPD,2
Franz Schneider,CVP,2
Georg Schneider,CDU,2
Heinrich Schneider,FDP,2
Herbert Schneider,CDU,2
Rudolf Schrader,CDU,2
Helmuth Schranz,,2
Nikolaus Schreiner,SPD,2
Hans Schuberth,CSU,2
Hermann Schwann,FDP,2
Werner Schwarz,CDU,2
Elisabeth Schwarzhaupt,CDU,2
Erich Schwertner,DPS,2
Roland Seffrin,CDU,2
Frank Seiboth,GB/ BHE,2
Max Seidel,SPD,2
Franz Seidl,CSU,2
Max Seither,SPD,2
J. Hermann Siemer,CDU,2
Emil Solke,CDU,2
Paul Sornik,GB/ BHE,2
August Spies,CDU,2
Max Spörl,CSU,2
Ernst Srock,GB/ BHE,2
Wolfgang Stammberger,SPD,2
Heinz Starke,CSU,2
Karl Steinhauer,CDU,2
Georg Stiller,CSU,2
Josef Stingl,CDU,2
Leo Storm,CDU,2
Heinrich Sträter,SPD,2
Johannes-Helmut Strosche,GB/ BHE,2
Ferdinand Stümer,SPD,2
Franz Tausch-Treml,SPD,2
Theodor Teriete,CDU,2
Willy Thieme,SPD,2
Johann Thies,CDU,2
Wilhelm Traub,SPD,2
Hermann Trittelvitz,SPD,2
Franz Xaver Unertl,CSU,2
Franz Varelmann,CDU,2
Elisabeth Vietje,CDU,2
Heinrich Voß,CDU,2
Gerhard Wacher,CSU,2
Josef Wagner,SPD,2
Karl Walz,CDU,2
Fritz Weber,FDP,2
Fritz Wedel,DPS,2
Heinrich Wehking,CDU,2
Friedrich Welskop,CDU,2
Emmi Welter,CDU,2
Friedrich Werber,CDU,2
Willi Weyer,FDP,2
Hugo Wiedeck,CDU,2
Karl Wienand,SPD,2
Karl Wieninger,CSU,2
Hans-Peter Will,SPD,2
Heinrich Windelen,CDU,2
Friedrich Winter,CSU,2
Franz Wittmann,CSU,2
Karl Wittrock,SPD,2
Albert Wolf,CDU,2
Heinrich Wullenhaupt,CDU,2
Otto Ziegler,SPD,2
Heinrich Zimmermann,DP,2
Konrad Adenauer,CDU,1
Willi Agatz,KPD,1
Adolf Ahrens,DP,1
Johannes Albers,CDU,1
Luise Albertz,SPD,1
Lisa Albrecht,SPD,1
Jakob Altmaier,SPD,1
Rudolf Amelunxen,DZP,1
Maria Ansorge,SPD,1
Anton Aretin,FU,1
Josef Arndgen,CDU,1
Adolf Arndt,SPD,1
Otto Arnholz,SPD,1
Thea Arnold,FU,1
Karl Atzenroth,FDP,1
Hermann Aumer,BP,1
Fritz Baade,SPD,1
Siegfried Bärsch,SPD,1
Wilhelm Bahlburg,DP,1
Walter Bartram,CDU,1
Friedrich Bauereisen,CSU,1
Bernhard Bauknecht,CDU,1
Josef Baumgartner,BP,1
Georg Baur,CDU,1
Valentin Baur,SPD,1
Paul Bausch,CDU,1
Helmut Bazille,SPD,1
Josef Becker,CDU,1
Max Becker,FDP,1
Arno Behrisch,SPD,1
Karl Bergmann,SPD,1
Ludwig Bergstraesser,SPD,1
August Berlin,SPD,1
Helmut Bertram,FU,1
Anton Besold,CSU,1
Emil Bettgenhäuser,SPD,1
Anna Maria Bieganowski,DP,1
Karl Bielig,SPD,1
Willi Birkelbach,SPD,1
Peter Blachstein,SPD,1
Martin Blank,FDP,1
Theodor Blank,CDU,1
Paul Bleiß,SPD,1
Franz Blücher,DP,1
Hans Bodensteiner,CSU,1
Hans Böhm,SPD,1
Willy Brandt,SPD,1
Aenne Brauksiepe,CDU,1
Heinrich Brentano,CDU,1
Wilhelm Brese,CDU,1
Hermann Louis Brill,SPD,1
Else Brökelschen,CDU,1
Josef Brönner,CDU,1
Paul Bromme,SPD,1
Walter Brookmann,CDU,1
Eberhard Brünen,SPD,1
Karl Brunner,SPD,1
Gerd Bucerius,CDU,1
Carl Campe,DP,1
Hermann Clausen,FU,1
Johann Cramer,SPD,1
Otto Dannebom,SPD,1
Robert Dannemann,FDP,1
Hugo Decker,FU,1
Johannes Degener,CDU,1
Thomas Dehler,FDP,1
Gregor Determann,FU,1
Anton Diel,SPD,1
Maria Dietz,CDU,1
Hans Dirscherl,FDP,1
Clara Döhring,SPD,1
Anton Donhauser,CSU,1
Fritz Dorls,SRP,1
August Dresbach,CDU,1
Anton Eberhard,FDP,1
Heinrich Eckstein,CDU,1
Eduard Edert,Plos,1
Hermann Ehlers,CDU,1
Hermann Ehren,CDU,1
Willi Eichler,SPD,1
Josef Eichner,FU,1
Rudolf Eickhoff,DP,1
Hans Ekstrand,SPD,1
Hermann A. Eplée,CDU,1
Ludwig Erhard,CDU,1
Fritz Erler,SPD,1
Franz Etzel,CDU,1
Hermann Etzel,FU,1
Peter Etzenbach,CDU,1
August-Martin Euler,DP,1
Johannes Even,CDU,1
Hans Ewers,DP,1
Ernst Falkner,BP,1
Walter Faller,SPD,1
Ernst August Farke,DP,1
Heinrich Fassbender,FDP,1
Aloys Feldmann,CDU,1
Conrad Fink,CSU,1
Walter Fisch,KPD,1
Willy Fischer,SPD,1
Egon Franke,SPD,1
Rudolf Freidhof,SPD,1
Walter Freitag,SPD,1
Richard Freudenberg,FDP,1
Martin Frey,CDU,1
Hans-Joachim Fricke,DP,1
Ferdinand Friedensburg,CDU,1
Hans Friedrich,FDP,1
Hans-Gerd Fröhlich,WAV,1
Heinz Frommhold,DRP,1
Konrad Frühwald,FDP,1
Gustav Fuchs,CSU,1
Elimar Fürstenberg,CSU,1
Josef-Ernst Fugger von Glött,CSU,1
Oscar Funcke,FDP,1
Friedrich Funk,CSU,1
Karl Gaul,FDP,1
Karl Gengler,CDU,1
Robert Geritzmann,SPD,1
Heinrich Gerns,CDU,1
Eugen Gerstenmaier,CDU,1
Paul Gibbert,CDU,1
Christian Giencke,CDU,1
Heinrich Glasmeyer,CDU,1
Alfred Gleisner,SPD,1
Hermann Glüsing,CDU,1
Josef Gockeln,CDU,1
Robert Görlinger,SPD,1
Hermann Götz,CDU,1
Günter Goetzendorff,WAV,1
Hubertus Golitschek,FDP,1
Otto Graf,SPD,1
Otto Heinrich Greve,SPD,1
Margarete Gröwel,CDU,1
Arthur Grundmann,FDP,1
Wilhelm Gülich,SPD,1
Bernhard Günther,CDU,1
Gustav Gundelach,KPD,1
Johannes Hagge,FDP,1
Wilhelm Hamacher,DZP,1
Richard Hammer,FDP,1
Johannes Handschumacher,CDU,1
Heinrich Happe,SPD,1
Paul Harig,KPD,1
Walther Hasemann,FDP,1
Wolfgang Hedler,WAV,1
Rudolf-Ernst Heiland,SPD,1
Anne Marie Heiler,CDU,1
Franz Heinen,SPD,1
Martin Heix,CDU,1
Heinrich Hellwege,DP,1
Günther Henle,CDU,1
Hans Henn,FDP,1
Arno Hennig,SPD,1
Fritz Henssler,SPD,1
Gustav Herbig,SPD,1
Matthäus Herrmann,SPD,1
Theodor Heuss,FDP,1
Anton Hilbert,CDU,1
Werner Hilpert,CDU,1
Heinrich Höcker,SPD,1
Heinrich Höfler,CDU,1
Franz Höhne,SPD,1
Hermann Höpker-Aschoff,FDP,1
Curt Hoffmann,FDP,1
Johannes Hoffmann,FU,1
Karl Hoffmann,FDP,1
Heinrich Hohl,CDU,1
Friedrich Holzapfel,CDU,1
Matthias Hoogen,CDU,1
Anton Hoppe,CDU,1
Michael Horlacher,CSU,1
Peter Horn,CDU,1
Elinor Hubert,SPD,1
Karl Hübner,FDP,1
Margarete Hütter,FDP,1
Eugen Huth,CDU,1
Herta Ilk,FDP,1
Heinrich Imig,SPD,1
Werner Jacobi,SPD,1
Peter Jacobs,SPD,1
Elfriede Jaeger,DRP,1
Paul Hans Jaeger,FDP,1
Richard Jaeger,CSU,1
Robert Jaffe,DP,1
Hans Jahn,SPD,1
Albert Ludwig Juncker,FDP,1
Johann Junglas,CDU,1
Karl Kahn,CSU,1
Jakob Kaiser,CDU,1
Oskar Kalbfell,SPD,1
Hellmut Kalbitzer,SPD,1
Margot Kalinke,CDU,1
Hugo Karpf,CSU,1
Linus Kather,CDU,1
Irma Keilhack,SPD,1
Wilfried Keller,GB/ BHE,1
Emil Kemmer,CSU,1
Karl Kern,CDU,1
Dietrich Keuning,SPD,1
Kurt Georg Kiesinger,CDU,1
Georg Richard Kinat,SPD,1
Liesel Kipp-Kaule,SPD,1
Erich Klabunde,SPD,1
Josef Ferdinand Kleindinst,CSU,1
Friedrich Klinge,DP,1
Otto Kneipp,FDP,1
Waldemar Knoeringen,SPD,1
Willy Knothe,SPD,1
Harald Koch,SPD,1
Erich Köhler,CDU,1
Wilhelm Königswarter,SPD,1
Georg Kohl,FDP,1
Rudolf Kohl,KPD,1
Hermann Kopf,CDU,1
Lisa Korspeter,SPD,1
Anni Krahnstöver,SPD,1
Paul Krause,DZP,1
Herbert Kriedemann,SPD,1
Heinrich Krone,CDU,1
Georg Kühling,CDU,1
Walther Kühn,FDP,1
Christian Kuhlemann,DP,1
Ernst Kuntscher,CDU,1
Johannes Kunze,CDU,1
Georg Kurlbaum,SPD,1
Wilhelm Laforet,CSU,1
Roman Lampl,FU,1
Erwin Lange,SPD,1
Erich Langer,WAV,1
Willi Lausen,SPD,1
Bruno Leddin,SPD,1
Robert Lehr,CDU,1
Robert Leibbrand,KPD,1
Eugen Leibfried,CDU,1
Ernst Lemmer,CDU,1
Aloys Lenz,CDU,1
Gottfried Leonhard,CDU,1
Heinrich Leuchtgens,,1
Eduard Leuze,FDP,1
Fritz Linnert,FDP,1
Gertrud Lockmann,SPD,1
Paul Löbe,SPD,1
Hans Löfflad,WAV,1
Bernhard Lohmüller,SPD,1
Martin Loibl,CSU,1
Alfred Loritz,WAV,1
Paul Luchtenberg,FDP,1
Adolf Ludwig,SPD,1
Heinrich Lübke,CDU,1
Paul Lücke,CDU,1
Gerhard Lütkens,SPD,1
Heinrich Maerkl,FU,1
Friedrich Maier,SPD,1
Ernst Majonica,CDU,1
Robert Margulies,FDP,1
Franz Marx,SPD,1
Willy Massoth,CDU,1
Heinz Matthes,DP,1
Oskar Matzner,SPD,1
Adolf Mauk,FDP,1
Agnes Katharina Maxsein,CDU,1
Ernst Mayer,FDP,1
Hugo Mayer,CDU,1
Georg Mayerhofer,FU,1
Matthias Joseph Mehs,CDU,1
Franz Xaver Meitinger,FU,1
Karl Meitmann,SPD,1
Wilhelm Mellies,SPD,1
Erich Mende,CDU,1
Friedrich Mensing,CDU,1
Walter Menzel,SPD,1
Hans-Joachim Merkatz,CDU,1
Hans Merten,SPD,1
Arthur Mertins,SPD,1
Erich Meyer,SPD,1
Heinz Meyer,SPD,1
Emmy Meyer-Laule,SPD,1
Friedrich Middelhauve,FDP,1
Herwart Miessner,FDP,1
Friedhelm Missmahl,SPD,1
Karl Mommer,SPD,1
Kurt Moosdorf,SPD,1
Wendelin Morgenthaler,CDU,1
Richard Muckermann,CDU,1
Willibald Mücke,SPD,1
Franz Mühlenberg,CDU,1
Hans Mühlenfeld,DP,1
Heinrich Müller,SPD,1
Karl Müller,CDU,1
Kurt Müller,KPD,1
Oskar Müller,KPD,1
Willy Müller,SPD,1
Ernst Müller-Hermann,CDU,1
Friederike Mulert,FDP,1
Frieda Nadig,SPD,1
Wilhelm Naegel,CDU,1
Jakob Neber,CDU,1
Peter Nellen,SPD,1
Kurt Neubauer,SPD,1
August Neuburger,CDU,1
Franz Neumann,SPD,1
Fritz Neumayer,FDP,1
Christof Nickl,CSU,1
Otto Niebergall,KPD,1
Heinrich Niebes,KPD,1
Maria Niggemeyer,CDU,1
Wilhelm Niklas,CSU,1
Robert Philipp Nöll von der Nahmer,FDP,1
Erik Nölting,SPD,1
Friedrich Nowack,SPD,1
Wilhelm Nowack,FDP,1
Hermann Nuding,KPD,1
Willy Odenthal,SPD,1
Fritz Oellers,FDP,1
Josef Oesterle,CSU,1
Eugen Oettingen-Wallerstein,FU,1
Richard Oetzel,CDU,1
Fritz Ohlig,SPD,1
Erich Ollenhauer,SPD,1
Alfred Onnen,FDP,1
Eduard Orth,CDU,1
Franz Ott,Plos,1
Otto Pannenbecker,FU,1
Sepp Parzinger,FU,1
Wilhelm Paschek,DPB,1
Hugo Paul,KPD,1
Georg Pelster,CDU,1
Georg Peters,SPD,1
Franz Pfender,CDU,1
Robert Pferdmenges,CDU,1
Karl Georg Pfleiderer,FDP,1
Kurt Pohle,SPD,1
Bernardus Povel,CDU,1
Ludwig Preiß,CDU,1
Ludwig Preller,SPD,1
Victor-Emanuel Preusker,CDU,1
Moritz-Ernst Priebe,SPD,1
Maria Probst,CSU,1
Hermann Pünder,CDU,1
Willy Max Rademacher,FDP,1
Bernhard Raestrup,CDU,1
Wilhelm Rahn,CSU,1
Wilhelm Rath,FDP,1
Hans Albrecht Rechenberg,FDP,1
Luise Rehling,CDU,1
Hans Reif,FDP,1
Max Reimann,KPD,1
Otto Reindl,WAV,1
Bernhard Reismann,FU,1
Richard Reitzner,SPD,1
Heinz Renner,KPD,1
Hans Revenstorff,FDP,1
Gerhard Ribbeheger,FU,1
Franz Richter,WAV,1
Willi Richter,SPD,1
Friedrich Rische,KPD,1
Heinrich Georg Ritzel,SPD,1
Julie Rösch,CDU,1
Ernst Roth,SPD,1
Karl Rüdiger,FDP,1
Oskar Rümmele,CDU,1
Heinrich-Wilhelm Ruhnke,SPD,1
Hermann Runge,SPD,1
Anton Sabel,CDU,1
Gustav Sander,SPD,1
Walter Sassnick,SPD,1
Hermann Schäfer,FDP,1
Fritz Schäffer,CSU,1
Marta Schanzenbach,SPD,1
Hugo Scharnberg,CDU,1
Josef Schatz,CSU,1
Ernst Schellenberg,SPD,1
Lambert Schill,CDU,1
Hans Schlange-Schöningen,CDU,1
Carlo Schmid,SPD,1
R. Martin Schmidt,SPD,1
Wilhelm Schmidt,WAV,1
Joseph Schmitt,CDU,1
Hans Schmitz,CDU,1
Kurt Schmücker,CDU,1
Ludwig Schneider,CDU,1
Friedrich Schönauer,SPD,1
Joachim Schöne,SPD,1
Erwin Schoettle,SPD,1
Gerhard Schröder,CDU,1
Louise Schroeder,SPD,1
Carl Schröter,CDU,1
Richard Schröter,SPD,1
Josef Schüttler,CDU,1
Hans Schütz,CSU,1
Fritz Schuler,CDU,1
Hubert Schulze-Pellengahr,CDU,1
Kurt Schumacher,SPD,1
Johann Schuster,WAV,1
Hans-Christoph Seebohm,CDU,1
Gebhard Seelos,BP,1
Johann-Adam Segitz,SPD,1
Johannes Semler,CSU,1
Günther Serres,CDU,1
Walter Seuffert,SPD,1
Günther Sewald,CDU,1
Theodor Siebel,CDU,1
Max Solleder,CSU,1
Josef Spies,CSU,1
Karl Spreti,CSU,1
Willy Stahl,FDP,1
Robert Stauch,CDU,1
Paul Stech,SPD,1
Artur Stegner,FDP,1
Viktoria Steinbiß,CDU,1
Willi Steinhörster,SPD,1
Georg Stierle,SPD,1
Hermann Stopperich,SPD,1
Anton Storch,CDU,1
Franz Josef Strauß,CSU,1
Otto Striebeck,SPD,1
Käte Strobel,SPD,1
Gertrud Strohbach,KPD,1
Detlef Struve,CDU,1
Richard Stücklen,CSU,1
Otto Suhr,SPD,1
Johann Temmen,SPD,1
Wilhelm Tenhagen,SPD,1
Adolf Thadden,DRP,1
Grete Thiele,KPD,1
Hans Tichi,WAV,1
Robert Tillmanns,CDU,1
Peter Tobaben,CDU,1
Josef Trischler,FDP,1
Hermann Troppenz,SPD,1
Hermann Veit,SPD,1
Walter Vesper,KPD,1
Rudolf Vogel,CDU,1
Ludwig Volkholz,FU,1
Axel Vries,FDP,1
Oskar Wacker,CDU,1
Oskar Wackerzapp,CDU,1
Friedrich Wilhelm Wagner,SPD,1
Eduard Wahl,CDU,1
Josef Wallner,WAV,1
Albert Walter,DP,1
Johann Wartner,FU,1
Helene Weber,CDU,1
Karl Weber,CDU,1
Herbert Wehner,SPD,1
Philipp Wehr,SPD,1
Stephan Weickert,WAV,1
August Weinhold,SPD,1
Franz Weiß,CDU,1
Erwin Welke,SPD,1
Hans Wellhausen,FDP,1
Ernst Weltner,SPD,1
Fritz Wenzel,SPD,1
Helene Wessel,SPD,1
Eberhard Wildermuth,FDP,1
Rudolf Will,FDP,1
Alex Willenberg,FU,1
Bernhard Winkelheide,CDU,1
Ernst Winter,SPD,1
Carl Wirths,FDP,1
Otto Wittenburg,DP,1
Konrad Wittmann,WAV,1
Max Wönner,SPD,1
Jeanette Wolff,SPD,1
Ernst Woltje,DP,1
Franz-Josef Wuermeling,CDU,1
Walter Zawadil,FDP,1
Franz Ziegler,BP,1
Georg-August Zinn,SPD,1
Ernst Zühlke,SPD,1
