12_018_1991-03-21.json,Wolfang Gröbl,<unknown>
12_023_1991-04-25.json,Rainer Runke,<unknown>
12_030_1991-06-12.json,Manfred Castens,<unknown>
12_064_1991-12-05.json,Wilhelm Rave,<unknown>
12_064_1991-12-05.json,Wilhelm Rave,<unknown>
12_064_1991-12-05.json,Wilhelm Rave,<unknown>
12_064_1991-12-05.json,Wilhelm Rave,<unknown>
12_106_1992-09-23.json,Comelia Yzer,<unknown>
12_133_1993-01-20.json,Eudard Lintner,<unknown>
12_133_1993-01-20.json,Eudard Lintner,<unknown>
12_134_1993-01-21.json,Rudoll Seiters,<unknown>
12_134_1993-01-21.json,Dr. Dieter von Würzen,<unknown>
12_134_1993-01-21.json,Dr. Dieter von Würzen,<unknown>
12_134_1993-01-21.json,Dr. Dieter von Würzen,<unknown>
12_134_1993-01-21.json,Dr. Dieter von Würzen,<unknown>
12_134_1993-01-21.json,Dr. Dieter von Würzen,<unknown>
12_134_1993-01-21.json,Dr. Dieter von Würzen,<unknown>
12_134_1993-01-21.json,Dr. Dieter von Würzen,<unknown>
12_141_1993-02-12.json,Eduard Linter,<unknown>
12_148_1993-03-24.json,Dr. Nobert Blüm,<unknown>
12_154_1993-04-28.json,Dr. Walter Priesnitz,<unknown>
12_154_1993-04-28.json,Dr. Walter Priesnitz,<unknown>
12_154_1993-04-28.json,Dr. Walter Priesnitz,<unknown>
12_162_1993-06-16.json,Eduard LIntner,<unknown>
12_163_1993-06-17.json,Dr. Helmut Scholz,<unknown>
12_163_1993-06-17.json,Dr. Helmut Scholz,<unknown>
12_168_1993-07-01.json,Dr. Bertram Wieczrorek,<unknown>
12_196_1993-12-02.json,Dietrich Vogel,<unknown>
12_196_1993-12-02.json,Dietrich Vogel,<unknown>
12_198_1993-12-08.json,Jürchen Echternach,<unknown>
12_213_1994-03-03.json,Eduard Lindner,<unknown>
12_225_1994-04-28.json,Dieter Vogel,<unknown>
12_225_1994-04-28.json,Dieter Vogel,<unknown>
13_023_1995-03-08.json,Eduard Lindtner,<unknown>
13_027_1995-03-16.json,Dr. Günther Rexrodt,<unknown>
13_027_1995-03-16.json,Dr. Günther Rexrodt,<unknown>
13_040_1995-05-31.json,Volker Rahe,<unknown>
13_046_1995-06-28.json,Dr. Norbert Lammed,<unknown>
13_095_1996-03-14.json,Dr. Edzard SchmIdt-Jortzig,<unknown>
13_162_1997-03-12.json,Johannes NitsCh,<unknown>
13_168_1997-04-16.json,Wilhelm Hecker,<unknown>
13_168_1997-04-16.json,Wilhelm Hecker,<unknown>
13_168_1997-04-16.json,Wilhelm Hecker,<unknown>
13_168_1997-04-16.json,Wilhelm Hecker,<unknown>
13_168_1997-04-16.json,Wilhelm Hecker,<unknown>
13_168_1997-04-16.json,Wilhelm Hecker,<unknown>
13_168_1997-04-16.json,Wilhelm Hecker,<unknown>
13_168_1997-04-16.json,Wilhelm Hecker,<unknown>
14_002_1998-10-27.json,Bodo Hombach,<unknown>
14_011_1998-12-03.json,Bodo Hombach,<unknown>
14_011_1998-12-03.json,Bodo Hombach,<unknown>
14_030_1999-03-25.json,Bodo Hombach,<unknown>
14_109_2000-06-09.json,Dr. Eckhard Pick,<unknown>
14_112_2000-06-30.json,Dr. Eckart Pick,<unknown>
14_124_2000-10-12.json,Dr. Eckart Pick,<unknown>
14_133_2000-11-16.json,Dr. Eckart Pick,<unknown>
14_134_2000-11-17.json,Dr. Eckardt Pick,<unknown>
14_160_2001-03-28.json,Gila Altmann,<unknown>
14_166_2001-05-09.json,Dr. Gunter Pleuger,<unknown>
14_166_2001-05-09.json,Dr. Gunter Pleuger,<unknown>
14_166_2001-05-09.json,Dr. Gunter Pleuger,<unknown>
14_166_2001-05-09.json,Dr. Gunter Pleuger,<unknown>
14_166_2001-05-09.json,Dr. Gunter Pleuger,<unknown>
14_166_2001-05-09.json,Dr. Gunter Pleuger,<unknown>
14_170_2001-05-17.json,Dr. Eckart Pick,<unknown>
15_072_2003-11-06.json,Ute Voigt,<unknown>
15_130_2004-10-01.json,Fritz-Rudolf Körper,<unknown>
16_186_2008-11-12.json,Dr. Frieder Meyer-Krahmer,<unknown>
16_186_2008-11-12.json,Dr. Frieder Meyer-Krahmer,<unknown>
16_186_2008-11-12.json,Dr. Frieder Meyer-Krahmer,<unknown>
16_186_2008-11-12.json,Dr. Frieder Meyer-Krahmer,<unknown>
16_186_2008-11-12.json,Dr. Frieder Meyer-Krahmer,<unknown>
17_070_2010-11-10.json,Dr. August Hanning,<unknown>
19_035_2018-06-06.json,Johannes Geismann,<unknown>
